 main_bc_wrfchem: will set boundary conditions in wrfbdy_d01
 main_bc_wrfchem: will set initial condition in wrfinput_d01
 mapper: spc_map = co -> CO
 mapper: spc_map = acet -> CH3COCH3
 mapper: spc_map = alk3 -> 0.5*BIGALK
 mapper: spc_map = alk4 -> 0.3*BIGALK
 mapper: spc_map = alk5 -> 0.2*BIGALK
 mapper: spc_map = aro1 -> 0.5*TOLUENE
 mapper: spc_map = aro2 -> 0.5*TOLUENE
 mapper: spc_map = c2h2 -> C2H2
 mapper: spc_map = c2h6 -> C2H6
 mapper: spc_map = c3h6 -> C3H6
 mapper: spc_map = c3h8 -> C3H8
 mapper: spc_map = cco_oh -> CH3COOH
 mapper: spc_map = cooh -> CH3OOH
 mapper: spc_map = ch4 -> CH4
 mapper: spc_map = ccho -> CH3CHO
 mapper: spc_map = cres -> CRESOL
 mapper: spc_map = ethene -> C2H4
 mapper: spc_map = etoh -> C2H5OH
 mapper: spc_map = gly -> GLYOXAL
 mapper: spc_map = h2o2 -> H2O2
 mapper: spc_map = n2o5 -> N2O5
 mapper: spc_map = hcho -> CH2O
 mapper: spc_map = hcooh -> HCOOH
 mapper: spc_map = hno3 -> HNO3
 mapper: spc_map = isoprod -> MVK+MACR
 mapper: spc_map = isoprene -> ISOP
 mapper: spc_map = mek -> MEK
 mapper: spc_map = meoh -> CH3OH
 mapper: spc_map = methacro -> MACR
 mapper: spc_map = mvk -> MVK
 mapper: spc_map = mgly -> CH3COCHO
 mapper: spc_map = nh3 -> NH3
 mapper: spc_map = no -> NO
 mapper: spc_map = no2 -> NO2
 mapper: spc_map = o3 -> O3
 mapper: spc_map = ole1 -> C3H6
 mapper: spc_map = ole2 -> BIGENE
 mapper: spc_map = pan -> PAN
 mapper: spc_map = so2 -> SO2
 mapper: spc_map = terp -> MTERP
 mapper: spc_map = oc_a01->0.0093*pom_a1+0.0093*pom_a4+0.7510*soa1_a2+0.0093*soa1_a1+0.7510*soa2_a2+                   0.0093*soa2_a1+0.7510*soa3_a2+0.0093*soa3_a1+0.7510*soa4_a2+0.0093*soa4_a1+                   0.7510*soa5_a2+0.0093*soa5_a1+0.1123*pom_a1+0.1123*pom_a4+0.2376*soa1_a2+0.1123*soa1_a1+0.2376*soa2_a2+                   0.1123*soa2_a1+0.2376*soa3_a2+0.1123*soa3_a1+0.2376*soa4_a2+0.1123*soa4_a1+                   0.2376*soa5_a2+ 0.1123*soa5_a1;0.5e9
 mapper: spc_map = oc_a02->0.3835*pom_a1+0.3835*pom_a4+0.0113*soa1_a2+0.3835*soa1_a1+0.0133*soa2_a2+                   0.3835*soa2_a1+0.0113*soa3_a2+0.3838*soa3_a1+0.0113*soa4_a2+0.3838*soa4_a1+                   0.0113*soa5_a2+ 0.3838*soa5_a1+0.3783*pom_a1+0.3783*pom_a4+0.0001*soa1_a2+0.3783*soa1_a1+0.0001*soa2_a2+                   0.3783*soa2_a1+0.0001*soa3_a2+0.3783*soa3_a1+0.0001*soa4_a2+0.3783*soa4_a1+                   0.0001*soa5_a2+ 0.3783*soa5_a1;0.5e9
 mapper: spc_map = oc_a03->0.1077*pom_a1+0.1077*pom_a4+0.0000*soa1_a2+0.1077*soa1_a1+0.0000*soa2_a2+                   0.1077*soa2_a1+0.0000*soa3_a2+0.1077*soa3_a1+0.0000*soa4_a2+0.1077*soa4_a1+                   0.0000*soa5_a2+ 0.1077*soa5_a1+0.0087*pom_a1+0.0087*pom_a4+0.0000*soa1_a2+0.0087*soa1_a1+0.0000*soa2_a2+                   0.0087*soa2_a1+0.0000*soa3_a2+0.0087*soa3_a1+0.0000*soa4_a2+0.0087*soa4_a1+                   0.0000*soa5_a2+ 0.0087*soa5_a1;0.5e9
 mapper: spc_map = oc_a04->0.0002*pom_a1+0.0002*pom_a4+0.0000*soa1_a2+0.0002*soa1_a1+0.0000*soa2_a2+                   0.0002*soa2_a1+0.0000*soa3_a2+0.0002*soa3_a1+0.0000*soa4_a2+0.0002*soa4_a1+                   0.0000*soa5_a2+ 0.0002*soa5_a1+0.0000*pom_a1+0.0000*pom_a4+0.0000*soa1_a2+0.0000*soa1_a1+0.0000*soa2_a2+                   0.0000*soa2_a1+0.0000*soa3_a2+0.0000*soa3_a1+0.0000*soa4_a2+0.0000*soa4_a1+                   0.0000*soa5_a2+ 0.0000*soa5_a1;0.5e9
 mapper: spc_map = bc_a01->0.0093*bc_a1+0.0093*bc_a4+0.0087*bc_a1+0.0087*bc_a4;1.e9
 mapper: spc_map = bc_a02->0.3835*bc_a1+0.3835*bc_a4+0.3783*bc_a1+0.3783*bc_a4;1.e9
 mapper: spc_map = bc_a03->0.1077*bc_a1+0.1077*bc_a4+0.0087*bc_a1+0.0087*bc_a4;1.e9
 mapper: spc_map = bc_a04->0.0002*bc_a1+0.0002*bc_a4+0.0000*bc_a1+0.0000*bc_a4;1.e9
 mapper: spc_map = so4_a01->0.7510*so4_a2+0.0093*so4_a1+0.0000*so4_a3+0.2376*so4_a2+0.1123*so4_a1+0.0000*so4_a3;1.e9
 mapper: spc_map = so4_a02->0.0113*so4_a2+0.3835*so4_a1+0.0000*so4_a3+0.0001*so4_a2+0.3783*so4_a1+0.0002*so4_a3;1.e9
 mapper: spc_map = so4_a03->0.0000*so4_a2+0.1077*so4_a1+0.0061*so4_a3+0.0000*so4_a2+0.0087*so4_a1+0.0934*so4_a3;1.e9
 mapper: spc_map = so4_a04->0.0000*so4_a2+0.0002*so4_a1+0.4020*so4_a3+0.0000*so4_a2+0.0000*so4_a1+0.4983*so4_a3;1.e9
 mapper: spc_map = nh4_a01->0.1410*so4_a2+0.0033*so4_a1+0.0000*so4_a3+0.0446*so4_a2+0.0017*so4_a1+0.0000*so4_a3;1.e9
 mapper: spc_map = nh4_a02->0.0021*so4_a2+0.0210*so4_a1+0.0000*so4_a3+0.0000*so4_a2+0.0720*so4_a1+0.0000*so4_a3;1.e9
 mapper: spc_map = nh4_a03->0.0000*so4_a2+0.0202*so4_a1+0.0011*so4_a3+0.0000*so4_a2+0.0001*so4_a1+0.0175*so4_a3;1.e9
 mapper: spc_map = nh4_a04->0.0000*so4_a2+0.0000*so4_a1+0.0755*so4_a3+0.0000*so4_a2+0.0000*so4_a1+0.0935*so4_a3;1.e9
 mapper: spc_map = no3_a01->0.0000*so4_a2+0.0000*so4_a1+0.0000*so4_a3+0.0000*so4_a2+0.0000*so4_a1+0.0000*so4_a3;1.e9
 mapper: spc_map = no3_a02->0.0000*so4_a2+0.0000*so4_a1+0.0000*so4_a3+0.0000*so4_a2+0.0000*so4_a1+0.0000*so4_a3;1.e9
 mapper: spc_map = no3_a03->0.0000*so4_a2+0.0000*so4_a1+0.0000*so4_a3+0.0000*so4_a2+0.0000*so4_a1+0.0000*so4_a3;1.e9
 mapper: spc_map = no3_a04->0.0000*so4_a2+0.0000*so4_a1+0.0000*so4_a3+0.0000*so4_a2+0.0000*so4_a1+0.0000*so4_a3;1.e9
 mapper: spc_map = na_a01->0.2954*ncl_a2+0.0037*ncl_a1+0.0000*ncl_a3+0.0935*ncl_a2+0.0442*ncl_a1+0.0000*ncl_a3;1.e9
 mapper: spc_map = na_a02->0.0045*ncl_a2+0.1509*ncl_a1+0.0000*ncl_a3+0.0000*ncl_a2+0.1488*ncl_a1+0.0000*ncl_a3;1.e9
 mapper: spc_map = na_a03->0.0000*ncl_a2+0.0424*ncl_a1+0.0024*ncl_a3+0.0000*ncl_a2+0.0034*ncl_a1+0.0367*ncl_a3;1.e9
 mapper: spc_map = na_a04->0.0000*ncl_a2+0.0000*ncl_a1+0.1582*ncl_a3+0.0000*ncl_a2+0.0000*ncl_a1+0.1960*ncl_a3;1.e9
 mapper: spc_map = cl_a01->0.4555*ncl_a2+0.0056*ncl_a1+0.0000*ncl_a3+0.1441*ncl_a2+0.0681*ncl_a1+0.0000*ncl_a3;1.e9
 mapper: spc_map = cl_a02->0.0068*ncl_a2+0.2326*ncl_a1+0.0000*ncl_a3+0.0000*ncl_a2+0.2295*ncl_a1+0.0000*ncl_a3;1.e9
 mapper: spc_map = cl_a03->0.0000*ncl_a2+0.0654*ncl_a1+0.0037*ncl_a3+0.0000*ncl_a2+0.0055*ncl_a1+0.0567*ncl_a3;1.e9
 mapper: spc_map = cl_a04->0.0000*ncl_a2+0.0001*ncl_a1+0.2439*ncl_a3+0.0000*ncl_a2+0.0000*ncl_a1+0.3023*ncl_a3;1.e9
 mapper: spc_map = oin_a01->0.7510*dst_a2+0.0093*dst_a1+0.0000*dst_a3+0.2376*dst_a2+0.1123*dst_a1+0.0000*dst_a3;1.e9
 mapper: spc_map = oin_a02->0.0113*dst_a2+0.3835*dst_a1+0.0000*dst_a3+0.0001*dst_a2+0.3783*dst_a1+0.0002*dst_a3;1.e9
 mapper: spc_map = oin_a03->0.0000*dst_a2+0.1077*dst_a1+0.0061*dst_a3+0.0000*dst_a2+0.0087*dst_a1+0.0934*dst_a3;1.e9
 mapper: spc_map = oin_a04->0.0000*dst_a2+0.0002*dst_a1+0.4020*dst_a3+0.0000*dst_a2+0.0000*dst_a1+0.4983*dst_a3;1.e9
 mapper: spc_map = num_a01->0.9502*num_a2+0.2509*num_a1+0.0000*num_a3+0.0494*num_a2+0.4626*num_a1+0.0000*num_a3;1.0
 mapper: spc_map = num_a02->0.0004*num_a2+0.2470*num_a1+0.0007*num_a3+0.0000*num_a2+0.0377*num_a1+0.0232*num_a3;1.0
 mapper: spc_map = num_a03->0.0000*num_a2+0.0016*num_a1+0.1886*num_a3+0.0000*num_a2+0.0000*num_a1+0.4372*num_a3;1.0
 mapper: spc_map = num_a04->0.0000*num_a2+0.0000*num_a1+0.2935*num_a3+0.0000*num_a2+0.0000*num_a1+0.0566*num_a3;1.0
 mapper: mstring = co->CO
 mapper: there are            1  mozart species for co                              
 mapper: send =            6
 mapper: mstring = acet->CH3COCH3
 mapper: there are            1  mozart species for acet                            
 mapper: send =           14
 mapper: mstring = alk3->0.5*BIGALK
 mapper: there are            1  mozart species for alk3                            
 mapper: send =           16
 mapper; coefficient 0.5 =   0.500000000    
 mapper: mstring = alk4->0.3*BIGALK
 mapper: there are            1  mozart species for alk4                            
 mapper: send =           16
 mapper; coefficient 0.3 =   0.300000012    
 mapper: mstring = alk5->0.2*BIGALK
 mapper: there are            1  mozart species for alk5                            
 mapper: send =           16
 mapper; coefficient 0.2 =   0.200000003    
 mapper: mstring = aro1->0.5*TOLUENE
 mapper: there are            1  mozart species for aro1                            
 mapper: send =           17
 mapper; coefficient 0.5 =   0.500000000    
 mapper: mstring = aro2->0.5*TOLUENE
 mapper: there are            1  mozart species for aro2                            
 mapper: send =           17
 mapper; coefficient 0.5 =   0.500000000    
 mapper: mstring = c2h2->C2H2
 mapper: there are            1  mozart species for c2h2                            
 mapper: send =           10
 mapper: mstring = c2h6->C2H6
 mapper: there are            1  mozart species for c2h6                            
 mapper: send =           10
 mapper: mstring = c3h6->C3H6
 mapper: there are            1  mozart species for c3h6                            
 mapper: send =           10
 mapper: mstring = c3h8->C3H8
 mapper: there are            1  mozart species for c3h8                            
 mapper: send =           10
 mapper: mstring = cco_oh->CH3COOH
 mapper: there are            1  mozart species for cco_oh                          
 mapper: send =           15
 mapper: mstring = cooh->CH3OOH
 mapper: there are            1  mozart species for cooh                            
 mapper: send =           12
 mapper: mstring = ch4->CH4
 mapper: there are            1  mozart species for ch4                             
 mapper: send =            8
 mapper: mstring = ccho->CH3CHO
 mapper: there are            1  mozart species for ccho                            
 mapper: send =           12
 mapper: mstring = cres->CRESOL
 mapper: there are            1  mozart species for cres                            
 mapper: send =           12
 mapper: mstring = ethene->C2H4
 mapper: there are            1  mozart species for ethene                          
 mapper: send =           12
 mapper: mstring = etoh->C2H5OH
 mapper: there are            1  mozart species for etoh                            
 mapper: send =           12
 mapper: mstring = gly->GLYOXAL
 mapper: there are            1  mozart species for gly                             
 mapper: send =           12
 mapper: mstring = h2o2->H2O2
 mapper: there are            1  mozart species for h2o2                            
 mapper: send =           10
 mapper: mstring = n2o5->N2O5
 mapper: there are            1  mozart species for n2o5                            
 mapper: send =           10
 mapper: mstring = hcho->CH2O
 mapper: there are            1  mozart species for hcho                            
 mapper: send =           10
 mapper: mstring = hcooh->HCOOH
 mapper: there are            1  mozart species for hcooh                           
 mapper: send =           12
 mapper: mstring = hno3->HNO3
 mapper: there are            1  mozart species for hno3                            
 mapper: send =           10
 mapper: mstring = isoprod->MVK+MACR
 mapper: there are            2  mozart species for isoprod                         
 mapper: send =           17
 mapper: su,string =            4 MVK
 mapper: sl,send =           14          17
 mapper: string  = MACR
 mapper: mstring = isoprene->ISOP
 mapper: there are            1  mozart species for isoprene                        
 mapper: send =           14
 mapper: mstring = mek->MEK
 mapper: there are            1  mozart species for mek                             
 mapper: send =            8
 mapper: mstring = meoh->CH3OH
 mapper: there are            1  mozart species for meoh                            
 mapper: send =           11
 mapper: mstring = methacro->MACR
 mapper: there are            1  mozart species for methacro                        
 mapper: send =           14
 mapper: mstring = mvk->MVK
 mapper: there are            1  mozart species for mvk                             
 mapper: send =            8
 mapper: mstring = mgly->CH3COCHO
 mapper: there are            1  mozart species for mgly                            
 mapper: send =           14
 mapper: mstring = nh3->NH3
 mapper: there are            1  mozart species for nh3                             
 mapper: send =            8
 mapper: mstring = no->NO
 mapper: there are            1  mozart species for no                              
 mapper: send =            6
 mapper: mstring = no2->NO2
 mapper: there are            1  mozart species for no2                             
 mapper: send =            8
 mapper: mstring = o3->O3
 mapper: there are            1  mozart species for o3                              
 mapper: send =            6
 mapper: mstring = ole1->C3H6
 mapper: there are            1  mozart species for ole1                            
 mapper: send =           10
 mapper: mstring = ole2->BIGENE
 mapper: there are            1  mozart species for ole2                            
 mapper: send =           12
 mapper: mstring = pan->PAN
 mapper: there are            1  mozart species for pan                             
 mapper: send =            8
 mapper: mstring = so2->SO2
 mapper: there are            1  mozart species for so2                             
 mapper: send =            8
 mapper: mstring = terp->MTERP
 mapper: there are            1  mozart species for terp                            
 mapper: send =           11
 mapper: mstring = oc_a01->0.0093*pom_a1+0.0093*pom_a4+0.7510*soa1_a2+0.0093*soa1_a1+0.7510*soa2_a2+0.0093*soa2_a1+0.7510*soa3_a2+0.0093*soa3_a1+0.7510*soa4_a2+0.0093*soa4_a1+0.7510*soa5_a2+0.0093*soa5_a1+0.1123*pom_a1+0.1123*pom_a4+0.2376*soa1_a2+0.1123*soa1_a1+0.2376*soa2_a2+0.1123*soa2_a1+0.2376*soa3_a2+0.1123*soa3_a1+0.2376*soa4_a2+0.1123*soa4_a1+0.2376*soa5_a2+0.1123*soa5_a1;0.5e9
 mapper: there are           24  mozart species for oc_a01                          
 mapper: send =          363
 mapper: su,string =           14 0.0093*pom_a1
 mapper; coefficient 0.0093 =    9.30000003E-03
 mapper: sl,send =           23         363
 mapper: string  = 0.0093*pom_a4+0.7510*soa1_a2+0.0093*soa1_a1+0.7510*soa2_a2+0.0093*soa2_a1+0.7510*soa3_a2+0.0093*soa3_a1+0.7510*soa4_a2+0.0093*soa4_a1+0.7510*soa5_a2+0.0093*soa5_a1+0.1123*pom_a1+0.1123*pom_a4+0.2376*soa1_a2+0.1123*soa1_a1+0.2376*soa2_a2+0.1123*soa2_a1+0.2376*soa3_a2+0.1123*soa3_a1+0.2376*soa4_a2+0.1123*soa4_a1+0.2376*soa5_a2+0.1123*soa5_a1
 mapper: su,string =           14 0.0093*pom_a4
 mapper; coefficient 0.0093 =    9.30000003E-03
 mapper: sl,send =           37         363
 mapper: string  = 0.7510*soa1_a2+0.0093*soa1_a1+0.7510*soa2_a2+0.0093*soa2_a1+0.7510*soa3_a2+0.0093*soa3_a1+0.7510*soa4_a2+0.0093*soa4_a1+0.7510*soa5_a2+0.0093*soa5_a1+0.1123*pom_a1+0.1123*pom_a4+0.2376*soa1_a2+0.1123*soa1_a1+0.2376*soa2_a2+0.1123*soa2_a1+0.2376*soa3_a2+0.1123*soa3_a1+0.2376*soa4_a2+0.1123*soa4_a1+0.2376*soa5_a2+0.1123*soa5_a1
 mapper: su,string =           15 0.7510*soa1_a2
 mapper; coefficient 0.7510 =   0.750999987    
 mapper: sl,send =           52         363
 mapper: string  = 0.0093*soa1_a1+0.7510*soa2_a2+0.0093*soa2_a1+0.7510*soa3_a2+0.0093*soa3_a1+0.7510*soa4_a2+0.0093*soa4_a1+0.7510*soa5_a2+0.0093*soa5_a1+0.1123*pom_a1+0.1123*pom_a4+0.2376*soa1_a2+0.1123*soa1_a1+0.2376*soa2_a2+0.1123*soa2_a1+0.2376*soa3_a2+0.1123*soa3_a1+0.2376*soa4_a2+0.1123*soa4_a1+0.2376*soa5_a2+0.1123*soa5_a1
 mapper: su,string =           15 0.0093*soa1_a1
 mapper; coefficient 0.0093 =    9.30000003E-03
 mapper: sl,send =           67         363
 mapper: string  = 0.7510*soa2_a2+0.0093*soa2_a1+0.7510*soa3_a2+0.0093*soa3_a1+0.7510*soa4_a2+0.0093*soa4_a1+0.7510*soa5_a2+0.0093*soa5_a1+0.1123*pom_a1+0.1123*pom_a4+0.2376*soa1_a2+0.1123*soa1_a1+0.2376*soa2_a2+0.1123*soa2_a1+0.2376*soa3_a2+0.1123*soa3_a1+0.2376*soa4_a2+0.1123*soa4_a1+0.2376*soa5_a2+0.1123*soa5_a1
 mapper: su,string =           15 0.7510*soa2_a2
 mapper; coefficient 0.7510 =   0.750999987    
 mapper: sl,send =           82         363
 mapper: string  = 0.0093*soa2_a1+0.7510*soa3_a2+0.0093*soa3_a1+0.7510*soa4_a2+0.0093*soa4_a1+0.7510*soa5_a2+0.0093*soa5_a1+0.1123*pom_a1+0.1123*pom_a4+0.2376*soa1_a2+0.1123*soa1_a1+0.2376*soa2_a2+0.1123*soa2_a1+0.2376*soa3_a2+0.1123*soa3_a1+0.2376*soa4_a2+0.1123*soa4_a1+0.2376*soa5_a2+0.1123*soa5_a1
 mapper: su,string =           15 0.0093*soa2_a1
 mapper; coefficient 0.0093 =    9.30000003E-03
 mapper: sl,send =           97         363
 mapper: string  = 0.7510*soa3_a2+0.0093*soa3_a1+0.7510*soa4_a2+0.0093*soa4_a1+0.7510*soa5_a2+0.0093*soa5_a1+0.1123*pom_a1+0.1123*pom_a4+0.2376*soa1_a2+0.1123*soa1_a1+0.2376*soa2_a2+0.1123*soa2_a1+0.2376*soa3_a2+0.1123*soa3_a1+0.2376*soa4_a2+0.1123*soa4_a1+0.2376*soa5_a2+0.1123*soa5_a1
 mapper: su,string =           15 0.7510*soa3_a2
 mapper; coefficient 0.7510 =   0.750999987    
 mapper: sl,send =          112         363
 mapper: string  = 0.0093*soa3_a1+0.7510*soa4_a2+0.0093*soa4_a1+0.7510*soa5_a2+0.0093*soa5_a1+0.1123*pom_a1+0.1123*pom_a4+0.2376*soa1_a2+0.1123*soa1_a1+0.2376*soa2_a2+0.1123*soa2_a1+0.2376*soa3_a2+0.1123*soa3_a1+0.2376*soa4_a2+0.1123*soa4_a1+0.2376*soa5_a2+0.1123*soa5_a1
 mapper: su,string =           15 0.0093*soa3_a1
 mapper; coefficient 0.0093 =    9.30000003E-03
 mapper: sl,send =          127         363
 mapper: string  = 0.7510*soa4_a2+0.0093*soa4_a1+0.7510*soa5_a2+0.0093*soa5_a1+0.1123*pom_a1+0.1123*pom_a4+0.2376*soa1_a2+0.1123*soa1_a1+0.2376*soa2_a2+0.1123*soa2_a1+0.2376*soa3_a2+0.1123*soa3_a1+0.2376*soa4_a2+0.1123*soa4_a1+0.2376*soa5_a2+0.1123*soa5_a1
 mapper: su,string =           15 0.7510*soa4_a2
 mapper; coefficient 0.7510 =   0.750999987    
 mapper: sl,send =          142         363
 mapper: string  = 0.0093*soa4_a1+0.7510*soa5_a2+0.0093*soa5_a1+0.1123*pom_a1+0.1123*pom_a4+0.2376*soa1_a2+0.1123*soa1_a1+0.2376*soa2_a2+0.1123*soa2_a1+0.2376*soa3_a2+0.1123*soa3_a1+0.2376*soa4_a2+0.1123*soa4_a1+0.2376*soa5_a2+0.1123*soa5_a1
 mapper: su,string =           15 0.0093*soa4_a1
 mapper; coefficient 0.0093 =    9.30000003E-03
 mapper: sl,send =          157         363
 mapper: string  = 0.7510*soa5_a2+0.0093*soa5_a1+0.1123*pom_a1+0.1123*pom_a4+0.2376*soa1_a2+0.1123*soa1_a1+0.2376*soa2_a2+0.1123*soa2_a1+0.2376*soa3_a2+0.1123*soa3_a1+0.2376*soa4_a2+0.1123*soa4_a1+0.2376*soa5_a2+0.1123*soa5_a1
 mapper: su,string =           15 0.7510*soa5_a2
 mapper; coefficient 0.7510 =   0.750999987    
 mapper: sl,send =          172         363
 mapper: string  = 0.0093*soa5_a1+0.1123*pom_a1+0.1123*pom_a4+0.2376*soa1_a2+0.1123*soa1_a1+0.2376*soa2_a2+0.1123*soa2_a1+0.2376*soa3_a2+0.1123*soa3_a1+0.2376*soa4_a2+0.1123*soa4_a1+0.2376*soa5_a2+0.1123*soa5_a1
 mapper: su,string =           15 0.0093*soa5_a1
 mapper; coefficient 0.0093 =    9.30000003E-03
 mapper: sl,send =          187         363
 mapper: string  = 0.1123*pom_a1+0.1123*pom_a4+0.2376*soa1_a2+0.1123*soa1_a1+0.2376*soa2_a2+0.1123*soa2_a1+0.2376*soa3_a2+0.1123*soa3_a1+0.2376*soa4_a2+0.1123*soa4_a1+0.2376*soa5_a2+0.1123*soa5_a1
 mapper: su,string =           14 0.1123*pom_a1
 mapper; coefficient 0.1123 =   0.112300001    
 mapper: sl,send =          201         363
 mapper: string  = 0.1123*pom_a4+0.2376*soa1_a2+0.1123*soa1_a1+0.2376*soa2_a2+0.1123*soa2_a1+0.2376*soa3_a2+0.1123*soa3_a1+0.2376*soa4_a2+0.1123*soa4_a1+0.2376*soa5_a2+0.1123*soa5_a1
 mapper: su,string =           14 0.1123*pom_a4
 mapper; coefficient 0.1123 =   0.112300001    
 mapper: sl,send =          215         363
 mapper: string  = 0.2376*soa1_a2+0.1123*soa1_a1+0.2376*soa2_a2+0.1123*soa2_a1+0.2376*soa3_a2+0.1123*soa3_a1+0.2376*soa4_a2+0.1123*soa4_a1+0.2376*soa5_a2+0.1123*soa5_a1
 mapper: su,string =           15 0.2376*soa1_a2
 mapper; coefficient 0.2376 =   0.237599999    
 mapper: sl,send =          230         363
 mapper: string  = 0.1123*soa1_a1+0.2376*soa2_a2+0.1123*soa2_a1+0.2376*soa3_a2+0.1123*soa3_a1+0.2376*soa4_a2+0.1123*soa4_a1+0.2376*soa5_a2+0.1123*soa5_a1
 mapper: su,string =           15 0.1123*soa1_a1
 mapper; coefficient 0.1123 =   0.112300001    
 mapper: sl,send =          245         363
 mapper: string  = 0.2376*soa2_a2+0.1123*soa2_a1+0.2376*soa3_a2+0.1123*soa3_a1+0.2376*soa4_a2+0.1123*soa4_a1+0.2376*soa5_a2+0.1123*soa5_a1
 mapper: su,string =           15 0.2376*soa2_a2
 mapper; coefficient 0.2376 =   0.237599999    
 mapper: sl,send =          260         363
 mapper: string  = 0.1123*soa2_a1+0.2376*soa3_a2+0.1123*soa3_a1+0.2376*soa4_a2+0.1123*soa4_a1+0.2376*soa5_a2+0.1123*soa5_a1
 mapper: su,string =           15 0.1123*soa2_a1
 mapper; coefficient 0.1123 =   0.112300001    
 mapper: sl,send =          275         363
 mapper: string  = 0.2376*soa3_a2+0.1123*soa3_a1+0.2376*soa4_a2+0.1123*soa4_a1+0.2376*soa5_a2+0.1123*soa5_a1
 mapper: su,string =           15 0.2376*soa3_a2
 mapper; coefficient 0.2376 =   0.237599999    
 mapper: sl,send =          290         363
 mapper: string  = 0.1123*soa3_a1+0.2376*soa4_a2+0.1123*soa4_a1+0.2376*soa5_a2+0.1123*soa5_a1
 mapper: su,string =           15 0.1123*soa3_a1
 mapper; coefficient 0.1123 =   0.112300001    
 mapper: sl,send =          305         363
 mapper: string  = 0.2376*soa4_a2+0.1123*soa4_a1+0.2376*soa5_a2+0.1123*soa5_a1
 mapper: su,string =           15 0.2376*soa4_a2
 mapper; coefficient 0.2376 =   0.237599999    
 mapper: sl,send =          320         363
 mapper: string  = 0.1123*soa4_a1+0.2376*soa5_a2+0.1123*soa5_a1
 mapper: su,string =           15 0.1123*soa4_a1
 mapper; coefficient 0.1123 =   0.112300001    
 mapper: sl,send =          335         363
 mapper: string  = 0.2376*soa5_a2+0.1123*soa5_a1
 mapper: su,string =           15 0.2376*soa5_a2
 mapper; coefficient 0.2376 =   0.237599999    
 mapper: sl,send =          350         363
 mapper: string  = 0.1123*soa5_a1
 mapper; coefficient 0.1123 =   0.112300001    
 mapper; wrf_wght 0.5e9                                                                                                                                    =    500000000.    
 mapper: mstring = oc_a02->0.3835*pom_a1+0.3835*pom_a4+0.0113*soa1_a2+0.3835*soa1_a1+0.0133*soa2_a2+0.3835*soa2_a1+0.0113*soa3_a2+0.3838*soa3_a1+0.0113*soa4_a2+0.3838*soa4_a1+0.0113*soa5_a2+0.3838*soa5_a1+0.3783*pom_a1+0.3783*pom_a4+0.0001*soa1_a2+0.3783*soa1_a1+0.0001*soa2_a2+0.3783*soa2_a1+0.0001*soa3_a2+0.3783*soa3_a1+0.0001*soa4_a2+0.3783*soa4_a1+0.0001*soa5_a2+0.3783*soa5_a1;0.5e9
 mapper: there are           24  mozart species for oc_a02                          
 mapper: send =          363
 mapper: su,string =           14 0.3835*pom_a1
 mapper; coefficient 0.3835 =   0.383500010    
 mapper: sl,send =           23         363
 mapper: string  = 0.3835*pom_a4+0.0113*soa1_a2+0.3835*soa1_a1+0.0133*soa2_a2+0.3835*soa2_a1+0.0113*soa3_a2+0.3838*soa3_a1+0.0113*soa4_a2+0.3838*soa4_a1+0.0113*soa5_a2+0.3838*soa5_a1+0.3783*pom_a1+0.3783*pom_a4+0.0001*soa1_a2+0.3783*soa1_a1+0.0001*soa2_a2+0.3783*soa2_a1+0.0001*soa3_a2+0.3783*soa3_a1+0.0001*soa4_a2+0.3783*soa4_a1+0.0001*soa5_a2+0.3783*soa5_a1
 mapper: su,string =           14 0.3835*pom_a4
 mapper; coefficient 0.3835 =   0.383500010    
 mapper: sl,send =           37         363
 mapper: string  = 0.0113*soa1_a2+0.3835*soa1_a1+0.0133*soa2_a2+0.3835*soa2_a1+0.0113*soa3_a2+0.3838*soa3_a1+0.0113*soa4_a2+0.3838*soa4_a1+0.0113*soa5_a2+0.3838*soa5_a1+0.3783*pom_a1+0.3783*pom_a4+0.0001*soa1_a2+0.3783*soa1_a1+0.0001*soa2_a2+0.3783*soa2_a1+0.0001*soa3_a2+0.3783*soa3_a1+0.0001*soa4_a2+0.3783*soa4_a1+0.0001*soa5_a2+0.3783*soa5_a1
 mapper: su,string =           15 0.0113*soa1_a2
 mapper; coefficient 0.0113 =    1.13000004E-02
 mapper: sl,send =           52         363
 mapper: string  = 0.3835*soa1_a1+0.0133*soa2_a2+0.3835*soa2_a1+0.0113*soa3_a2+0.3838*soa3_a1+0.0113*soa4_a2+0.3838*soa4_a1+0.0113*soa5_a2+0.3838*soa5_a1+0.3783*pom_a1+0.3783*pom_a4+0.0001*soa1_a2+0.3783*soa1_a1+0.0001*soa2_a2+0.3783*soa2_a1+0.0001*soa3_a2+0.3783*soa3_a1+0.0001*soa4_a2+0.3783*soa4_a1+0.0001*soa5_a2+0.3783*soa5_a1
 mapper: su,string =           15 0.3835*soa1_a1
 mapper; coefficient 0.3835 =   0.383500010    
 mapper: sl,send =           67         363
 mapper: string  = 0.0133*soa2_a2+0.3835*soa2_a1+0.0113*soa3_a2+0.3838*soa3_a1+0.0113*soa4_a2+0.3838*soa4_a1+0.0113*soa5_a2+0.3838*soa5_a1+0.3783*pom_a1+0.3783*pom_a4+0.0001*soa1_a2+0.3783*soa1_a1+0.0001*soa2_a2+0.3783*soa2_a1+0.0001*soa3_a2+0.3783*soa3_a1+0.0001*soa4_a2+0.3783*soa4_a1+0.0001*soa5_a2+0.3783*soa5_a1
 mapper: su,string =           15 0.0133*soa2_a2
 mapper; coefficient 0.0133 =    1.32999998E-02
 mapper: sl,send =           82         363
 mapper: string  = 0.3835*soa2_a1+0.0113*soa3_a2+0.3838*soa3_a1+0.0113*soa4_a2+0.3838*soa4_a1+0.0113*soa5_a2+0.3838*soa5_a1+0.3783*pom_a1+0.3783*pom_a4+0.0001*soa1_a2+0.3783*soa1_a1+0.0001*soa2_a2+0.3783*soa2_a1+0.0001*soa3_a2+0.3783*soa3_a1+0.0001*soa4_a2+0.3783*soa4_a1+0.0001*soa5_a2+0.3783*soa5_a1
 mapper: su,string =           15 0.3835*soa2_a1
 mapper; coefficient 0.3835 =   0.383500010    
 mapper: sl,send =           97         363
 mapper: string  = 0.0113*soa3_a2+0.3838*soa3_a1+0.0113*soa4_a2+0.3838*soa4_a1+0.0113*soa5_a2+0.3838*soa5_a1+0.3783*pom_a1+0.3783*pom_a4+0.0001*soa1_a2+0.3783*soa1_a1+0.0001*soa2_a2+0.3783*soa2_a1+0.0001*soa3_a2+0.3783*soa3_a1+0.0001*soa4_a2+0.3783*soa4_a1+0.0001*soa5_a2+0.3783*soa5_a1
 mapper: su,string =           15 0.0113*soa3_a2
 mapper; coefficient 0.0113 =    1.13000004E-02
 mapper: sl,send =          112         363
 mapper: string  = 0.3838*soa3_a1+0.0113*soa4_a2+0.3838*soa4_a1+0.0113*soa5_a2+0.3838*soa5_a1+0.3783*pom_a1+0.3783*pom_a4+0.0001*soa1_a2+0.3783*soa1_a1+0.0001*soa2_a2+0.3783*soa2_a1+0.0001*soa3_a2+0.3783*soa3_a1+0.0001*soa4_a2+0.3783*soa4_a1+0.0001*soa5_a2+0.3783*soa5_a1
 mapper: su,string =           15 0.3838*soa3_a1
 mapper; coefficient 0.3838 =   0.383800000    
 mapper: sl,send =          127         363
 mapper: string  = 0.0113*soa4_a2+0.3838*soa4_a1+0.0113*soa5_a2+0.3838*soa5_a1+0.3783*pom_a1+0.3783*pom_a4+0.0001*soa1_a2+0.3783*soa1_a1+0.0001*soa2_a2+0.3783*soa2_a1+0.0001*soa3_a2+0.3783*soa3_a1+0.0001*soa4_a2+0.3783*soa4_a1+0.0001*soa5_a2+0.3783*soa5_a1
 mapper: su,string =           15 0.0113*soa4_a2
 mapper; coefficient 0.0113 =    1.13000004E-02
 mapper: sl,send =          142         363
 mapper: string  = 0.3838*soa4_a1+0.0113*soa5_a2+0.3838*soa5_a1+0.3783*pom_a1+0.3783*pom_a4+0.0001*soa1_a2+0.3783*soa1_a1+0.0001*soa2_a2+0.3783*soa2_a1+0.0001*soa3_a2+0.3783*soa3_a1+0.0001*soa4_a2+0.3783*soa4_a1+0.0001*soa5_a2+0.3783*soa5_a1
 mapper: su,string =           15 0.3838*soa4_a1
 mapper; coefficient 0.3838 =   0.383800000    
 mapper: sl,send =          157         363
 mapper: string  = 0.0113*soa5_a2+0.3838*soa5_a1+0.3783*pom_a1+0.3783*pom_a4+0.0001*soa1_a2+0.3783*soa1_a1+0.0001*soa2_a2+0.3783*soa2_a1+0.0001*soa3_a2+0.3783*soa3_a1+0.0001*soa4_a2+0.3783*soa4_a1+0.0001*soa5_a2+0.3783*soa5_a1
 mapper: su,string =           15 0.0113*soa5_a2
 mapper; coefficient 0.0113 =    1.13000004E-02
 mapper: sl,send =          172         363
 mapper: string  = 0.3838*soa5_a1+0.3783*pom_a1+0.3783*pom_a4+0.0001*soa1_a2+0.3783*soa1_a1+0.0001*soa2_a2+0.3783*soa2_a1+0.0001*soa3_a2+0.3783*soa3_a1+0.0001*soa4_a2+0.3783*soa4_a1+0.0001*soa5_a2+0.3783*soa5_a1
 mapper: su,string =           15 0.3838*soa5_a1
 mapper; coefficient 0.3838 =   0.383800000    
 mapper: sl,send =          187         363
 mapper: string  = 0.3783*pom_a1+0.3783*pom_a4+0.0001*soa1_a2+0.3783*soa1_a1+0.0001*soa2_a2+0.3783*soa2_a1+0.0001*soa3_a2+0.3783*soa3_a1+0.0001*soa4_a2+0.3783*soa4_a1+0.0001*soa5_a2+0.3783*soa5_a1
 mapper: su,string =           14 0.3783*pom_a1
 mapper; coefficient 0.3783 =   0.378300011    
 mapper: sl,send =          201         363
 mapper: string  = 0.3783*pom_a4+0.0001*soa1_a2+0.3783*soa1_a1+0.0001*soa2_a2+0.3783*soa2_a1+0.0001*soa3_a2+0.3783*soa3_a1+0.0001*soa4_a2+0.3783*soa4_a1+0.0001*soa5_a2+0.3783*soa5_a1
 mapper: su,string =           14 0.3783*pom_a4
 mapper; coefficient 0.3783 =   0.378300011    
 mapper: sl,send =          215         363
 mapper: string  = 0.0001*soa1_a2+0.3783*soa1_a1+0.0001*soa2_a2+0.3783*soa2_a1+0.0001*soa3_a2+0.3783*soa3_a1+0.0001*soa4_a2+0.3783*soa4_a1+0.0001*soa5_a2+0.3783*soa5_a1
 mapper: su,string =           15 0.0001*soa1_a2
 mapper; coefficient 0.0001 =    9.99999975E-05
 mapper: sl,send =          230         363
 mapper: string  = 0.3783*soa1_a1+0.0001*soa2_a2+0.3783*soa2_a1+0.0001*soa3_a2+0.3783*soa3_a1+0.0001*soa4_a2+0.3783*soa4_a1+0.0001*soa5_a2+0.3783*soa5_a1
 mapper: su,string =           15 0.3783*soa1_a1
 mapper; coefficient 0.3783 =   0.378300011    
 mapper: sl,send =          245         363
 mapper: string  = 0.0001*soa2_a2+0.3783*soa2_a1+0.0001*soa3_a2+0.3783*soa3_a1+0.0001*soa4_a2+0.3783*soa4_a1+0.0001*soa5_a2+0.3783*soa5_a1
 mapper: su,string =           15 0.0001*soa2_a2
 mapper; coefficient 0.0001 =    9.99999975E-05
 mapper: sl,send =          260         363
 mapper: string  = 0.3783*soa2_a1+0.0001*soa3_a2+0.3783*soa3_a1+0.0001*soa4_a2+0.3783*soa4_a1+0.0001*soa5_a2+0.3783*soa5_a1
 mapper: su,string =           15 0.3783*soa2_a1
 mapper; coefficient 0.3783 =   0.378300011    
 mapper: sl,send =          275         363
 mapper: string  = 0.0001*soa3_a2+0.3783*soa3_a1+0.0001*soa4_a2+0.3783*soa4_a1+0.0001*soa5_a2+0.3783*soa5_a1
 mapper: su,string =           15 0.0001*soa3_a2
 mapper; coefficient 0.0001 =    9.99999975E-05
 mapper: sl,send =          290         363
 mapper: string  = 0.3783*soa3_a1+0.0001*soa4_a2+0.3783*soa4_a1+0.0001*soa5_a2+0.3783*soa5_a1
 mapper: su,string =           15 0.3783*soa3_a1
 mapper; coefficient 0.3783 =   0.378300011    
 mapper: sl,send =          305         363
 mapper: string  = 0.0001*soa4_a2+0.3783*soa4_a1+0.0001*soa5_a2+0.3783*soa5_a1
 mapper: su,string =           15 0.0001*soa4_a2
 mapper; coefficient 0.0001 =    9.99999975E-05
 mapper: sl,send =          320         363
 mapper: string  = 0.3783*soa4_a1+0.0001*soa5_a2+0.3783*soa5_a1
 mapper: su,string =           15 0.3783*soa4_a1
 mapper; coefficient 0.3783 =   0.378300011    
 mapper: sl,send =          335         363
 mapper: string  = 0.0001*soa5_a2+0.3783*soa5_a1
 mapper: su,string =           15 0.0001*soa5_a2
 mapper; coefficient 0.0001 =    9.99999975E-05
 mapper: sl,send =          350         363
 mapper: string  = 0.3783*soa5_a1
 mapper; coefficient 0.3783 =   0.378300011    
 mapper; wrf_wght 0.5e9                                                                                                                                    =    500000000.    
 mapper: mstring = oc_a03->0.1077*pom_a1+0.1077*pom_a4+0.0000*soa1_a2+0.1077*soa1_a1+0.0000*soa2_a2+0.1077*soa2_a1+0.0000*soa3_a2+0.1077*soa3_a1+0.0000*soa4_a2+0.1077*soa4_a1+0.0000*soa5_a2+0.1077*soa5_a1+0.0087*pom_a1+0.0087*pom_a4+0.0000*soa1_a2+0.0087*soa1_a1+0.0000*soa2_a2+0.0087*soa2_a1+0.0000*soa3_a2+0.0087*soa3_a1+0.0000*soa4_a2+0.0087*soa4_a1+0.0000*soa5_a2+0.0087*soa5_a1;0.5e9
 mapper: there are           24  mozart species for oc_a03                          
 mapper: send =          363
 mapper: su,string =           14 0.1077*pom_a1
 mapper; coefficient 0.1077 =   0.107699998    
 mapper: sl,send =           23         363
 mapper: string  = 0.1077*pom_a4+0.0000*soa1_a2+0.1077*soa1_a1+0.0000*soa2_a2+0.1077*soa2_a1+0.0000*soa3_a2+0.1077*soa3_a1+0.0000*soa4_a2+0.1077*soa4_a1+0.0000*soa5_a2+0.1077*soa5_a1+0.0087*pom_a1+0.0087*pom_a4+0.0000*soa1_a2+0.0087*soa1_a1+0.0000*soa2_a2+0.0087*soa2_a1+0.0000*soa3_a2+0.0087*soa3_a1+0.0000*soa4_a2+0.0087*soa4_a1+0.0000*soa5_a2+0.0087*soa5_a1
 mapper: su,string =           14 0.1077*pom_a4
 mapper; coefficient 0.1077 =   0.107699998    
 mapper: sl,send =           37         363
 mapper: string  = 0.0000*soa1_a2+0.1077*soa1_a1+0.0000*soa2_a2+0.1077*soa2_a1+0.0000*soa3_a2+0.1077*soa3_a1+0.0000*soa4_a2+0.1077*soa4_a1+0.0000*soa5_a2+0.1077*soa5_a1+0.0087*pom_a1+0.0087*pom_a4+0.0000*soa1_a2+0.0087*soa1_a1+0.0000*soa2_a2+0.0087*soa2_a1+0.0000*soa3_a2+0.0087*soa3_a1+0.0000*soa4_a2+0.0087*soa4_a1+0.0000*soa5_a2+0.0087*soa5_a1
 mapper: su,string =           15 0.0000*soa1_a2
 mapper; coefficient 0.0000 =    0.00000000    
 mapper: sl,send =           52         363
 mapper: string  = 0.1077*soa1_a1+0.0000*soa2_a2+0.1077*soa2_a1+0.0000*soa3_a2+0.1077*soa3_a1+0.0000*soa4_a2+0.1077*soa4_a1+0.0000*soa5_a2+0.1077*soa5_a1+0.0087*pom_a1+0.0087*pom_a4+0.0000*soa1_a2+0.0087*soa1_a1+0.0000*soa2_a2+0.0087*soa2_a1+0.0000*soa3_a2+0.0087*soa3_a1+0.0000*soa4_a2+0.0087*soa4_a1+0.0000*soa5_a2+0.0087*soa5_a1
 mapper: su,string =           15 0.1077*soa1_a1
 mapper; coefficient 0.1077 =   0.107699998    
 mapper: sl,send =           67         363
 mapper: string  = 0.0000*soa2_a2+0.1077*soa2_a1+0.0000*soa3_a2+0.1077*soa3_a1+0.0000*soa4_a2+0.1077*soa4_a1+0.0000*soa5_a2+0.1077*soa5_a1+0.0087*pom_a1+0.0087*pom_a4+0.0000*soa1_a2+0.0087*soa1_a1+0.0000*soa2_a2+0.0087*soa2_a1+0.0000*soa3_a2+0.0087*soa3_a1+0.0000*soa4_a2+0.0087*soa4_a1+0.0000*soa5_a2+0.0087*soa5_a1
 mapper: su,string =           15 0.0000*soa2_a2
 mapper; coefficient 0.0000 =    0.00000000    
 mapper: sl,send =           82         363
 mapper: string  = 0.1077*soa2_a1+0.0000*soa3_a2+0.1077*soa3_a1+0.0000*soa4_a2+0.1077*soa4_a1+0.0000*soa5_a2+0.1077*soa5_a1+0.0087*pom_a1+0.0087*pom_a4+0.0000*soa1_a2+0.0087*soa1_a1+0.0000*soa2_a2+0.0087*soa2_a1+0.0000*soa3_a2+0.0087*soa3_a1+0.0000*soa4_a2+0.0087*soa4_a1+0.0000*soa5_a2+0.0087*soa5_a1
 mapper: su,string =           15 0.1077*soa2_a1
 mapper; coefficient 0.1077 =   0.107699998    
 mapper: sl,send =           97         363
 mapper: string  = 0.0000*soa3_a2+0.1077*soa3_a1+0.0000*soa4_a2+0.1077*soa4_a1+0.0000*soa5_a2+0.1077*soa5_a1+0.0087*pom_a1+0.0087*pom_a4+0.0000*soa1_a2+0.0087*soa1_a1+0.0000*soa2_a2+0.0087*soa2_a1+0.0000*soa3_a2+0.0087*soa3_a1+0.0000*soa4_a2+0.0087*soa4_a1+0.0000*soa5_a2+0.0087*soa5_a1
 mapper: su,string =           15 0.0000*soa3_a2
 mapper; coefficient 0.0000 =    0.00000000    
 mapper: sl,send =          112         363
 mapper: string  = 0.1077*soa3_a1+0.0000*soa4_a2+0.1077*soa4_a1+0.0000*soa5_a2+0.1077*soa5_a1+0.0087*pom_a1+0.0087*pom_a4+0.0000*soa1_a2+0.0087*soa1_a1+0.0000*soa2_a2+0.0087*soa2_a1+0.0000*soa3_a2+0.0087*soa3_a1+0.0000*soa4_a2+0.0087*soa4_a1+0.0000*soa5_a2+0.0087*soa5_a1
 mapper: su,string =           15 0.1077*soa3_a1
 mapper; coefficient 0.1077 =   0.107699998    
 mapper: sl,send =          127         363
 mapper: string  = 0.0000*soa4_a2+0.1077*soa4_a1+0.0000*soa5_a2+0.1077*soa5_a1+0.0087*pom_a1+0.0087*pom_a4+0.0000*soa1_a2+0.0087*soa1_a1+0.0000*soa2_a2+0.0087*soa2_a1+0.0000*soa3_a2+0.0087*soa3_a1+0.0000*soa4_a2+0.0087*soa4_a1+0.0000*soa5_a2+0.0087*soa5_a1
 mapper: su,string =           15 0.0000*soa4_a2
 mapper; coefficient 0.0000 =    0.00000000    
 mapper: sl,send =          142         363
 mapper: string  = 0.1077*soa4_a1+0.0000*soa5_a2+0.1077*soa5_a1+0.0087*pom_a1+0.0087*pom_a4+0.0000*soa1_a2+0.0087*soa1_a1+0.0000*soa2_a2+0.0087*soa2_a1+0.0000*soa3_a2+0.0087*soa3_a1+0.0000*soa4_a2+0.0087*soa4_a1+0.0000*soa5_a2+0.0087*soa5_a1
 mapper: su,string =           15 0.1077*soa4_a1
 mapper; coefficient 0.1077 =   0.107699998    
 mapper: sl,send =          157         363
 mapper: string  = 0.0000*soa5_a2+0.1077*soa5_a1+0.0087*pom_a1+0.0087*pom_a4+0.0000*soa1_a2+0.0087*soa1_a1+0.0000*soa2_a2+0.0087*soa2_a1+0.0000*soa3_a2+0.0087*soa3_a1+0.0000*soa4_a2+0.0087*soa4_a1+0.0000*soa5_a2+0.0087*soa5_a1
 mapper: su,string =           15 0.0000*soa5_a2
 mapper; coefficient 0.0000 =    0.00000000    
 mapper: sl,send =          172         363
 mapper: string  = 0.1077*soa5_a1+0.0087*pom_a1+0.0087*pom_a4+0.0000*soa1_a2+0.0087*soa1_a1+0.0000*soa2_a2+0.0087*soa2_a1+0.0000*soa3_a2+0.0087*soa3_a1+0.0000*soa4_a2+0.0087*soa4_a1+0.0000*soa5_a2+0.0087*soa5_a1
 mapper: su,string =           15 0.1077*soa5_a1
 mapper; coefficient 0.1077 =   0.107699998    
 mapper: sl,send =          187         363
 mapper: string  = 0.0087*pom_a1+0.0087*pom_a4+0.0000*soa1_a2+0.0087*soa1_a1+0.0000*soa2_a2+0.0087*soa2_a1+0.0000*soa3_a2+0.0087*soa3_a1+0.0000*soa4_a2+0.0087*soa4_a1+0.0000*soa5_a2+0.0087*soa5_a1
 mapper: su,string =           14 0.0087*pom_a1
 mapper; coefficient 0.0087 =    8.70000012E-03
 mapper: sl,send =          201         363
 mapper: string  = 0.0087*pom_a4+0.0000*soa1_a2+0.0087*soa1_a1+0.0000*soa2_a2+0.0087*soa2_a1+0.0000*soa3_a2+0.0087*soa3_a1+0.0000*soa4_a2+0.0087*soa4_a1+0.0000*soa5_a2+0.0087*soa5_a1
 mapper: su,string =           14 0.0087*pom_a4
 mapper; coefficient 0.0087 =    8.70000012E-03
 mapper: sl,send =          215         363
 mapper: string  = 0.0000*soa1_a2+0.0087*soa1_a1+0.0000*soa2_a2+0.0087*soa2_a1+0.0000*soa3_a2+0.0087*soa3_a1+0.0000*soa4_a2+0.0087*soa4_a1+0.0000*soa5_a2+0.0087*soa5_a1
 mapper: su,string =           15 0.0000*soa1_a2
 mapper; coefficient 0.0000 =    0.00000000    
 mapper: sl,send =          230         363
 mapper: string  = 0.0087*soa1_a1+0.0000*soa2_a2+0.0087*soa2_a1+0.0000*soa3_a2+0.0087*soa3_a1+0.0000*soa4_a2+0.0087*soa4_a1+0.0000*soa5_a2+0.0087*soa5_a1
 mapper: su,string =           15 0.0087*soa1_a1
 mapper; coefficient 0.0087 =    8.70000012E-03
 mapper: sl,send =          245         363
 mapper: string  = 0.0000*soa2_a2+0.0087*soa2_a1+0.0000*soa3_a2+0.0087*soa3_a1+0.0000*soa4_a2+0.0087*soa4_a1+0.0000*soa5_a2+0.0087*soa5_a1
 mapper: su,string =           15 0.0000*soa2_a2
 mapper; coefficient 0.0000 =    0.00000000    
 mapper: sl,send =          260         363
 mapper: string  = 0.0087*soa2_a1+0.0000*soa3_a2+0.0087*soa3_a1+0.0000*soa4_a2+0.0087*soa4_a1+0.0000*soa5_a2+0.0087*soa5_a1
 mapper: su,string =           15 0.0087*soa2_a1
 mapper; coefficient 0.0087 =    8.70000012E-03
 mapper: sl,send =          275         363
 mapper: string  = 0.0000*soa3_a2+0.0087*soa3_a1+0.0000*soa4_a2+0.0087*soa4_a1+0.0000*soa5_a2+0.0087*soa5_a1
 mapper: su,string =           15 0.0000*soa3_a2
 mapper; coefficient 0.0000 =    0.00000000    
 mapper: sl,send =          290         363
 mapper: string  = 0.0087*soa3_a1+0.0000*soa4_a2+0.0087*soa4_a1+0.0000*soa5_a2+0.0087*soa5_a1
 mapper: su,string =           15 0.0087*soa3_a1
 mapper; coefficient 0.0087 =    8.70000012E-03
 mapper: sl,send =          305         363
 mapper: string  = 0.0000*soa4_a2+0.0087*soa4_a1+0.0000*soa5_a2+0.0087*soa5_a1
 mapper: su,string =           15 0.0000*soa4_a2
 mapper; coefficient 0.0000 =    0.00000000    
 mapper: sl,send =          320         363
 mapper: string  = 0.0087*soa4_a1+0.0000*soa5_a2+0.0087*soa5_a1
 mapper: su,string =           15 0.0087*soa4_a1
 mapper; coefficient 0.0087 =    8.70000012E-03
 mapper: sl,send =          335         363
 mapper: string  = 0.0000*soa5_a2+0.0087*soa5_a1
 mapper: su,string =           15 0.0000*soa5_a2
 mapper; coefficient 0.0000 =    0.00000000    
 mapper: sl,send =          350         363
 mapper: string  = 0.0087*soa5_a1
 mapper; coefficient 0.0087 =    8.70000012E-03
 mapper; wrf_wght 0.5e9                                                                                                                                    =    500000000.    
 mapper: mstring = oc_a04->0.0002*pom_a1+0.0002*pom_a4+0.0000*soa1_a2+0.0002*soa1_a1+0.0000*soa2_a2+0.0002*soa2_a1+0.0000*soa3_a2+0.0002*soa3_a1+0.0000*soa4_a2+0.0002*soa4_a1+0.0000*soa5_a2+0.0002*soa5_a1+0.0000*pom_a1+0.0000*pom_a4+0.0000*soa1_a2+0.0000*soa1_a1+0.0000*soa2_a2+0.0000*soa2_a1+0.0000*soa3_a2+0.0000*soa3_a1+0.0000*soa4_a2+0.0000*soa4_a1+0.0000*soa5_a2+0.0000*soa5_a1;0.5e9
 mapper: there are           24  mozart species for oc_a04                          
 mapper: send =          363
 mapper: su,string =           14 0.0002*pom_a1
 mapper; coefficient 0.0002 =    1.99999995E-04
 mapper: sl,send =           23         363
 mapper: string  = 0.0002*pom_a4+0.0000*soa1_a2+0.0002*soa1_a1+0.0000*soa2_a2+0.0002*soa2_a1+0.0000*soa3_a2+0.0002*soa3_a1+0.0000*soa4_a2+0.0002*soa4_a1+0.0000*soa5_a2+0.0002*soa5_a1+0.0000*pom_a1+0.0000*pom_a4+0.0000*soa1_a2+0.0000*soa1_a1+0.0000*soa2_a2+0.0000*soa2_a1+0.0000*soa3_a2+0.0000*soa3_a1+0.0000*soa4_a2+0.0000*soa4_a1+0.0000*soa5_a2+0.0000*soa5_a1
 mapper: su,string =           14 0.0002*pom_a4
 mapper; coefficient 0.0002 =    1.99999995E-04
 mapper: sl,send =           37         363
 mapper: string  = 0.0000*soa1_a2+0.0002*soa1_a1+0.0000*soa2_a2+0.0002*soa2_a1+0.0000*soa3_a2+0.0002*soa3_a1+0.0000*soa4_a2+0.0002*soa4_a1+0.0000*soa5_a2+0.0002*soa5_a1+0.0000*pom_a1+0.0000*pom_a4+0.0000*soa1_a2+0.0000*soa1_a1+0.0000*soa2_a2+0.0000*soa2_a1+0.0000*soa3_a2+0.0000*soa3_a1+0.0000*soa4_a2+0.0000*soa4_a1+0.0000*soa5_a2+0.0000*soa5_a1
 mapper: su,string =           15 0.0000*soa1_a2
 mapper; coefficient 0.0000 =    0.00000000    
 mapper: sl,send =           52         363
 mapper: string  = 0.0002*soa1_a1+0.0000*soa2_a2+0.0002*soa2_a1+0.0000*soa3_a2+0.0002*soa3_a1+0.0000*soa4_a2+0.0002*soa4_a1+0.0000*soa5_a2+0.0002*soa5_a1+0.0000*pom_a1+0.0000*pom_a4+0.0000*soa1_a2+0.0000*soa1_a1+0.0000*soa2_a2+0.0000*soa2_a1+0.0000*soa3_a2+0.0000*soa3_a1+0.0000*soa4_a2+0.0000*soa4_a1+0.0000*soa5_a2+0.0000*soa5_a1
 mapper: su,string =           15 0.0002*soa1_a1
 mapper; coefficient 0.0002 =    1.99999995E-04
 mapper: sl,send =           67         363
 mapper: string  = 0.0000*soa2_a2+0.0002*soa2_a1+0.0000*soa3_a2+0.0002*soa3_a1+0.0000*soa4_a2+0.0002*soa4_a1+0.0000*soa5_a2+0.0002*soa5_a1+0.0000*pom_a1+0.0000*pom_a4+0.0000*soa1_a2+0.0000*soa1_a1+0.0000*soa2_a2+0.0000*soa2_a1+0.0000*soa3_a2+0.0000*soa3_a1+0.0000*soa4_a2+0.0000*soa4_a1+0.0000*soa5_a2+0.0000*soa5_a1
 mapper: su,string =           15 0.0000*soa2_a2
 mapper; coefficient 0.0000 =    0.00000000    
 mapper: sl,send =           82         363
 mapper: string  = 0.0002*soa2_a1+0.0000*soa3_a2+0.0002*soa3_a1+0.0000*soa4_a2+0.0002*soa4_a1+0.0000*soa5_a2+0.0002*soa5_a1+0.0000*pom_a1+0.0000*pom_a4+0.0000*soa1_a2+0.0000*soa1_a1+0.0000*soa2_a2+0.0000*soa2_a1+0.0000*soa3_a2+0.0000*soa3_a1+0.0000*soa4_a2+0.0000*soa4_a1+0.0000*soa5_a2+0.0000*soa5_a1
 mapper: su,string =           15 0.0002*soa2_a1
 mapper; coefficient 0.0002 =    1.99999995E-04
 mapper: sl,send =           97         363
 mapper: string  = 0.0000*soa3_a2+0.0002*soa3_a1+0.0000*soa4_a2+0.0002*soa4_a1+0.0000*soa5_a2+0.0002*soa5_a1+0.0000*pom_a1+0.0000*pom_a4+0.0000*soa1_a2+0.0000*soa1_a1+0.0000*soa2_a2+0.0000*soa2_a1+0.0000*soa3_a2+0.0000*soa3_a1+0.0000*soa4_a2+0.0000*soa4_a1+0.0000*soa5_a2+0.0000*soa5_a1
 mapper: su,string =           15 0.0000*soa3_a2
 mapper; coefficient 0.0000 =    0.00000000    
 mapper: sl,send =          112         363
 mapper: string  = 0.0002*soa3_a1+0.0000*soa4_a2+0.0002*soa4_a1+0.0000*soa5_a2+0.0002*soa5_a1+0.0000*pom_a1+0.0000*pom_a4+0.0000*soa1_a2+0.0000*soa1_a1+0.0000*soa2_a2+0.0000*soa2_a1+0.0000*soa3_a2+0.0000*soa3_a1+0.0000*soa4_a2+0.0000*soa4_a1+0.0000*soa5_a2+0.0000*soa5_a1
 mapper: su,string =           15 0.0002*soa3_a1
 mapper; coefficient 0.0002 =    1.99999995E-04
 mapper: sl,send =          127         363
 mapper: string  = 0.0000*soa4_a2+0.0002*soa4_a1+0.0000*soa5_a2+0.0002*soa5_a1+0.0000*pom_a1+0.0000*pom_a4+0.0000*soa1_a2+0.0000*soa1_a1+0.0000*soa2_a2+0.0000*soa2_a1+0.0000*soa3_a2+0.0000*soa3_a1+0.0000*soa4_a2+0.0000*soa4_a1+0.0000*soa5_a2+0.0000*soa5_a1
 mapper: su,string =           15 0.0000*soa4_a2
 mapper; coefficient 0.0000 =    0.00000000    
 mapper: sl,send =          142         363
 mapper: string  = 0.0002*soa4_a1+0.0000*soa5_a2+0.0002*soa5_a1+0.0000*pom_a1+0.0000*pom_a4+0.0000*soa1_a2+0.0000*soa1_a1+0.0000*soa2_a2+0.0000*soa2_a1+0.0000*soa3_a2+0.0000*soa3_a1+0.0000*soa4_a2+0.0000*soa4_a1+0.0000*soa5_a2+0.0000*soa5_a1
 mapper: su,string =           15 0.0002*soa4_a1
 mapper; coefficient 0.0002 =    1.99999995E-04
 mapper: sl,send =          157         363
 mapper: string  = 0.0000*soa5_a2+0.0002*soa5_a1+0.0000*pom_a1+0.0000*pom_a4+0.0000*soa1_a2+0.0000*soa1_a1+0.0000*soa2_a2+0.0000*soa2_a1+0.0000*soa3_a2+0.0000*soa3_a1+0.0000*soa4_a2+0.0000*soa4_a1+0.0000*soa5_a2+0.0000*soa5_a1
 mapper: su,string =           15 0.0000*soa5_a2
 mapper; coefficient 0.0000 =    0.00000000    
 mapper: sl,send =          172         363
 mapper: string  = 0.0002*soa5_a1+0.0000*pom_a1+0.0000*pom_a4+0.0000*soa1_a2+0.0000*soa1_a1+0.0000*soa2_a2+0.0000*soa2_a1+0.0000*soa3_a2+0.0000*soa3_a1+0.0000*soa4_a2+0.0000*soa4_a1+0.0000*soa5_a2+0.0000*soa5_a1
 mapper: su,string =           15 0.0002*soa5_a1
 mapper; coefficient 0.0002 =    1.99999995E-04
 mapper: sl,send =          187         363
 mapper: string  = 0.0000*pom_a1+0.0000*pom_a4+0.0000*soa1_a2+0.0000*soa1_a1+0.0000*soa2_a2+0.0000*soa2_a1+0.0000*soa3_a2+0.0000*soa3_a1+0.0000*soa4_a2+0.0000*soa4_a1+0.0000*soa5_a2+0.0000*soa5_a1
 mapper: su,string =           14 0.0000*pom_a1
 mapper; coefficient 0.0000 =    0.00000000    
 mapper: sl,send =          201         363
 mapper: string  = 0.0000*pom_a4+0.0000*soa1_a2+0.0000*soa1_a1+0.0000*soa2_a2+0.0000*soa2_a1+0.0000*soa3_a2+0.0000*soa3_a1+0.0000*soa4_a2+0.0000*soa4_a1+0.0000*soa5_a2+0.0000*soa5_a1
 mapper: su,string =           14 0.0000*pom_a4
 mapper; coefficient 0.0000 =    0.00000000    
 mapper: sl,send =          215         363
 mapper: string  = 0.0000*soa1_a2+0.0000*soa1_a1+0.0000*soa2_a2+0.0000*soa2_a1+0.0000*soa3_a2+0.0000*soa3_a1+0.0000*soa4_a2+0.0000*soa4_a1+0.0000*soa5_a2+0.0000*soa5_a1
 mapper: su,string =           15 0.0000*soa1_a2
 mapper; coefficient 0.0000 =    0.00000000    
 mapper: sl,send =          230         363
 mapper: string  = 0.0000*soa1_a1+0.0000*soa2_a2+0.0000*soa2_a1+0.0000*soa3_a2+0.0000*soa3_a1+0.0000*soa4_a2+0.0000*soa4_a1+0.0000*soa5_a2+0.0000*soa5_a1
 mapper: su,string =           15 0.0000*soa1_a1
 mapper; coefficient 0.0000 =    0.00000000    
 mapper: sl,send =          245         363
 mapper: string  = 0.0000*soa2_a2+0.0000*soa2_a1+0.0000*soa3_a2+0.0000*soa3_a1+0.0000*soa4_a2+0.0000*soa4_a1+0.0000*soa5_a2+0.0000*soa5_a1
 mapper: su,string =           15 0.0000*soa2_a2
 mapper; coefficient 0.0000 =    0.00000000    
 mapper: sl,send =          260         363
 mapper: string  = 0.0000*soa2_a1+0.0000*soa3_a2+0.0000*soa3_a1+0.0000*soa4_a2+0.0000*soa4_a1+0.0000*soa5_a2+0.0000*soa5_a1
 mapper: su,string =           15 0.0000*soa2_a1
 mapper; coefficient 0.0000 =    0.00000000    
 mapper: sl,send =          275         363
 mapper: string  = 0.0000*soa3_a2+0.0000*soa3_a1+0.0000*soa4_a2+0.0000*soa4_a1+0.0000*soa5_a2+0.0000*soa5_a1
 mapper: su,string =           15 0.0000*soa3_a2
 mapper; coefficient 0.0000 =    0.00000000    
 mapper: sl,send =          290         363
 mapper: string  = 0.0000*soa3_a1+0.0000*soa4_a2+0.0000*soa4_a1+0.0000*soa5_a2+0.0000*soa5_a1
 mapper: su,string =           15 0.0000*soa3_a1
 mapper; coefficient 0.0000 =    0.00000000    
 mapper: sl,send =          305         363
 mapper: string  = 0.0000*soa4_a2+0.0000*soa4_a1+0.0000*soa5_a2+0.0000*soa5_a1
 mapper: su,string =           15 0.0000*soa4_a2
 mapper; coefficient 0.0000 =    0.00000000    
 mapper: sl,send =          320         363
 mapper: string  = 0.0000*soa4_a1+0.0000*soa5_a2+0.0000*soa5_a1
 mapper: su,string =           15 0.0000*soa4_a1
 mapper; coefficient 0.0000 =    0.00000000    
 mapper: sl,send =          335         363
 mapper: string  = 0.0000*soa5_a2+0.0000*soa5_a1
 mapper: su,string =           15 0.0000*soa5_a2
 mapper; coefficient 0.0000 =    0.00000000    
 mapper: sl,send =          350         363
 mapper: string  = 0.0000*soa5_a1
 mapper; coefficient 0.0000 =    0.00000000    
 mapper; wrf_wght 0.5e9                                                                                                                                    =    500000000.    
 mapper: mstring = bc_a01->0.0093*bc_a1+0.0093*bc_a4+0.0087*bc_a1+0.0087*bc_a4;1.e9
 mapper: there are            4  mozart species for bc_a01                          
 mapper: send =           59
 mapper: su,string =           13 0.0093*bc_a1
 mapper; coefficient 0.0093 =    9.30000003E-03
 mapper: sl,send =           22          59
 mapper: string  = 0.0093*bc_a4+0.0087*bc_a1+0.0087*bc_a4
 mapper: su,string =           13 0.0093*bc_a4
 mapper; coefficient 0.0093 =    9.30000003E-03
 mapper: sl,send =           35          59
 mapper: string  = 0.0087*bc_a1+0.0087*bc_a4
 mapper: su,string =           13 0.0087*bc_a1
 mapper; coefficient 0.0087 =    8.70000012E-03
 mapper: sl,send =           48          59
 mapper: string  = 0.0087*bc_a4
 mapper; coefficient 0.0087 =    8.70000012E-03
 mapper; wrf_wght 1.e9                                                                                                                                                                                                                                                                                                                                                                                                                                                     =    1.00000000E+09
 mapper: mstring = bc_a02->0.3835*bc_a1+0.3835*bc_a4+0.3783*bc_a1+0.3783*bc_a4;1.e9
 mapper: there are            4  mozart species for bc_a02                          
 mapper: send =           59
 mapper: su,string =           13 0.3835*bc_a1
 mapper; coefficient 0.3835 =   0.383500010    
 mapper: sl,send =           22          59
 mapper: string  = 0.3835*bc_a4+0.3783*bc_a1+0.3783*bc_a4
 mapper: su,string =           13 0.3835*bc_a4
 mapper; coefficient 0.3835 =   0.383500010    
 mapper: sl,send =           35          59
 mapper: string  = 0.3783*bc_a1+0.3783*bc_a4
 mapper: su,string =           13 0.3783*bc_a1
 mapper; coefficient 0.3783 =   0.378300011    
 mapper: sl,send =           48          59
 mapper: string  = 0.3783*bc_a4
 mapper; coefficient 0.3783 =   0.378300011    
 mapper; wrf_wght 1.e9                                                                                                                                                                                                                                                                                                                                                                                                                                                     =    1.00000000E+09
 mapper: mstring = bc_a03->0.1077*bc_a1+0.1077*bc_a4+0.0087*bc_a1+0.0087*bc_a4;1.e9
 mapper: there are            4  mozart species for bc_a03                          
 mapper: send =           59
 mapper: su,string =           13 0.1077*bc_a1
 mapper; coefficient 0.1077 =   0.107699998    
 mapper: sl,send =           22          59
 mapper: string  = 0.1077*bc_a4+0.0087*bc_a1+0.0087*bc_a4
 mapper: su,string =           13 0.1077*bc_a4
 mapper; coefficient 0.1077 =   0.107699998    
 mapper: sl,send =           35          59
 mapper: string  = 0.0087*bc_a1+0.0087*bc_a4
 mapper: su,string =           13 0.0087*bc_a1
 mapper; coefficient 0.0087 =    8.70000012E-03
 mapper: sl,send =           48          59
 mapper: string  = 0.0087*bc_a4
 mapper; coefficient 0.0087 =    8.70000012E-03
 mapper; wrf_wght 1.e9                                                                                                                                                                                                                                                                                                                                                                                                                                                     =    1.00000000E+09
 mapper: mstring = bc_a04->0.0002*bc_a1+0.0002*bc_a4+0.0000*bc_a1+0.0000*bc_a4;1.e9
 mapper: there are            4  mozart species for bc_a04                          
 mapper: send =           59
 mapper: su,string =           13 0.0002*bc_a1
 mapper; coefficient 0.0002 =    1.99999995E-04
 mapper: sl,send =           22          59
 mapper: string  = 0.0002*bc_a4+0.0000*bc_a1+0.0000*bc_a4
 mapper: su,string =           13 0.0002*bc_a4
 mapper; coefficient 0.0002 =    1.99999995E-04
 mapper: sl,send =           35          59
 mapper: string  = 0.0000*bc_a1+0.0000*bc_a4
 mapper: su,string =           13 0.0000*bc_a1
 mapper; coefficient 0.0000 =    0.00000000    
 mapper: sl,send =           48          59
 mapper: string  = 0.0000*bc_a4
 mapper; coefficient 0.0000 =    0.00000000    
 mapper; wrf_wght 1.e9                                                                                                                                                                                                                                                                                                                                                                                                                                                     =    1.00000000E+09
 mapper: mstring = so4_a01->0.7510*so4_a2+0.0093*so4_a1+0.0000*so4_a3+0.2376*so4_a2+0.1123*so4_a1+0.0000*so4_a3;1.e9
 mapper: there are            6  mozart species for so4_a01                         
 mapper: send =           92
 mapper: su,string =           14 0.7510*so4_a2
 mapper; coefficient 0.7510 =   0.750999987    
 mapper: sl,send =           24          92
 mapper: string  = 0.0093*so4_a1+0.0000*so4_a3+0.2376*so4_a2+0.1123*so4_a1+0.0000*so4_a3
 mapper: su,string =           14 0.0093*so4_a1
 mapper; coefficient 0.0093 =    9.30000003E-03
 mapper: sl,send =           38          92
 mapper: string  = 0.0000*so4_a3+0.2376*so4_a2+0.1123*so4_a1+0.0000*so4_a3
 mapper: su,string =           14 0.0000*so4_a3
 mapper; coefficient 0.0000 =    0.00000000    
 mapper: sl,send =           52          92
 mapper: string  = 0.2376*so4_a2+0.1123*so4_a1+0.0000*so4_a3
 mapper: su,string =           14 0.2376*so4_a2
 mapper; coefficient 0.2376 =   0.237599999    
 mapper: sl,send =           66          92
 mapper: string  = 0.1123*so4_a1+0.0000*so4_a3
 mapper: su,string =           14 0.1123*so4_a1
 mapper; coefficient 0.1123 =   0.112300001    
 mapper: sl,send =           80          92
 mapper: string  = 0.0000*so4_a3
 mapper; coefficient 0.0000 =    0.00000000    
 mapper; wrf_wght 1.e9                                                                                                                                                                                                                                                                                                                                                                                                                    =    1.00000000E+09
 mapper: mstring = so4_a02->0.0113*so4_a2+0.3835*so4_a1+0.0000*so4_a3+0.0001*so4_a2+0.3783*so4_a1+0.0002*so4_a3;1.e9
 mapper: there are            6  mozart species for so4_a02                         
 mapper: send =           92
 mapper: su,string =           14 0.0113*so4_a2
 mapper; coefficient 0.0113 =    1.13000004E-02
 mapper: sl,send =           24          92
 mapper: string  = 0.3835*so4_a1+0.0000*so4_a3+0.0001*so4_a2+0.3783*so4_a1+0.0002*so4_a3
 mapper: su,string =           14 0.3835*so4_a1
 mapper; coefficient 0.3835 =   0.383500010    
 mapper: sl,send =           38          92
 mapper: string  = 0.0000*so4_a3+0.0001*so4_a2+0.3783*so4_a1+0.0002*so4_a3
 mapper: su,string =           14 0.0000*so4_a3
 mapper; coefficient 0.0000 =    0.00000000    
 mapper: sl,send =           52          92
 mapper: string  = 0.0001*so4_a2+0.3783*so4_a1+0.0002*so4_a3
 mapper: su,string =           14 0.0001*so4_a2
 mapper; coefficient 0.0001 =    9.99999975E-05
 mapper: sl,send =           66          92
 mapper: string  = 0.3783*so4_a1+0.0002*so4_a3
 mapper: su,string =           14 0.3783*so4_a1
 mapper; coefficient 0.3783 =   0.378300011    
 mapper: sl,send =           80          92
 mapper: string  = 0.0002*so4_a3
 mapper; coefficient 0.0002 =    1.99999995E-04
 mapper; wrf_wght 1.e9                                                                                                                                                                                                                                                                                                                                                                                                                    =    1.00000000E+09
 mapper: mstring = so4_a03->0.0000*so4_a2+0.1077*so4_a1+0.0061*so4_a3+0.0000*so4_a2+0.0087*so4_a1+0.0934*so4_a3;1.e9
 mapper: there are            6  mozart species for so4_a03                         
 mapper: send =           92
 mapper: su,string =           14 0.0000*so4_a2
 mapper; coefficient 0.0000 =    0.00000000    
 mapper: sl,send =           24          92
 mapper: string  = 0.1077*so4_a1+0.0061*so4_a3+0.0000*so4_a2+0.0087*so4_a1+0.0934*so4_a3
 mapper: su,string =           14 0.1077*so4_a1
 mapper; coefficient 0.1077 =   0.107699998    
 mapper: sl,send =           38          92
 mapper: string  = 0.0061*so4_a3+0.0000*so4_a2+0.0087*so4_a1+0.0934*so4_a3
 mapper: su,string =           14 0.0061*so4_a3
 mapper; coefficient 0.0061 =    6.09999988E-03
 mapper: sl,send =           52          92
 mapper: string  = 0.0000*so4_a2+0.0087*so4_a1+0.0934*so4_a3
 mapper: su,string =           14 0.0000*so4_a2
 mapper; coefficient 0.0000 =    0.00000000    
 mapper: sl,send =           66          92
 mapper: string  = 0.0087*so4_a1+0.0934*so4_a3
 mapper: su,string =           14 0.0087*so4_a1
 mapper; coefficient 0.0087 =    8.70000012E-03
 mapper: sl,send =           80          92
 mapper: string  = 0.0934*so4_a3
 mapper; coefficient 0.0934 =    9.34000015E-02
 mapper; wrf_wght 1.e9                                                                                                                                                                                                                                                                                                                                                                                                                    =    1.00000000E+09
 mapper: mstring = so4_a04->0.0000*so4_a2+0.0002*so4_a1+0.4020*so4_a3+0.0000*so4_a2+0.0000*so4_a1+0.4983*so4_a3;1.e9
 mapper: there are            6  mozart species for so4_a04                         
 mapper: send =           92
 mapper: su,string =           14 0.0000*so4_a2
 mapper; coefficient 0.0000 =    0.00000000    
 mapper: sl,send =           24          92
 mapper: string  = 0.0002*so4_a1+0.4020*so4_a3+0.0000*so4_a2+0.0000*so4_a1+0.4983*so4_a3
 mapper: su,string =           14 0.0002*so4_a1
 mapper; coefficient 0.0002 =    1.99999995E-04
 mapper: sl,send =           38          92
 mapper: string  = 0.4020*so4_a3+0.0000*so4_a2+0.0000*so4_a1+0.4983*so4_a3
 mapper: su,string =           14 0.4020*so4_a3
 mapper; coefficient 0.4020 =   0.402000010    
 mapper: sl,send =           52          92
 mapper: string  = 0.0000*so4_a2+0.0000*so4_a1+0.4983*so4_a3
 mapper: su,string =           14 0.0000*so4_a2
 mapper; coefficient 0.0000 =    0.00000000    
 mapper: sl,send =           66          92
 mapper: string  = 0.0000*so4_a1+0.4983*so4_a3
 mapper: su,string =           14 0.0000*so4_a1
 mapper; coefficient 0.0000 =    0.00000000    
 mapper: sl,send =           80          92
 mapper: string  = 0.4983*so4_a3
 mapper; coefficient 0.4983 =   0.498299986    
 mapper; wrf_wght 1.e9                                                                                                                                                                                                                                                                                                                                                                                                                    =    1.00000000E+09
 mapper: mstring = nh4_a01->0.1410*so4_a2+0.0033*so4_a1+0.0000*so4_a3+0.0446*so4_a2+0.0017*so4_a1+0.0000*so4_a3;1.e9
 mapper: there are            6  mozart species for nh4_a01                         
 mapper: send =           92
 mapper: su,string =           14 0.1410*so4_a2
 mapper; coefficient 0.1410 =   0.141000003    
 mapper: sl,send =           24          92
 mapper: string  = 0.0033*so4_a1+0.0000*so4_a3+0.0446*so4_a2+0.0017*so4_a1+0.0000*so4_a3
 mapper: su,string =           14 0.0033*so4_a1
 mapper; coefficient 0.0033 =    3.29999998E-03
 mapper: sl,send =           38          92
 mapper: string  = 0.0000*so4_a3+0.0446*so4_a2+0.0017*so4_a1+0.0000*so4_a3
 mapper: su,string =           14 0.0000*so4_a3
 mapper; coefficient 0.0000 =    0.00000000    
 mapper: sl,send =           52          92
 mapper: string  = 0.0446*so4_a2+0.0017*so4_a1+0.0000*so4_a3
 mapper: su,string =           14 0.0446*so4_a2
 mapper; coefficient 0.0446 =    4.45999987E-02
 mapper: sl,send =           66          92
 mapper: string  = 0.0017*so4_a1+0.0000*so4_a3
 mapper: su,string =           14 0.0017*so4_a1
 mapper; coefficient 0.0017 =    1.70000002E-03
 mapper: sl,send =           80          92
 mapper: string  = 0.0000*so4_a3
 mapper; coefficient 0.0000 =    0.00000000    
 mapper; wrf_wght 1.e9                                                                                                                                                                                                                                                                                                                                                                                                                    =    1.00000000E+09
 mapper: mstring = nh4_a02->0.0021*so4_a2+0.0210*so4_a1+0.0000*so4_a3+0.0000*so4_a2+0.0720*so4_a1+0.0000*so4_a3;1.e9
 mapper: there are            6  mozart species for nh4_a02                         
 mapper: send =           92
 mapper: su,string =           14 0.0021*so4_a2
 mapper; coefficient 0.0021 =    2.09999993E-03
 mapper: sl,send =           24          92
 mapper: string  = 0.0210*so4_a1+0.0000*so4_a3+0.0000*so4_a2+0.0720*so4_a1+0.0000*so4_a3
 mapper: su,string =           14 0.0210*so4_a1
 mapper; coefficient 0.0210 =    2.09999997E-02
 mapper: sl,send =           38          92
 mapper: string  = 0.0000*so4_a3+0.0000*so4_a2+0.0720*so4_a1+0.0000*so4_a3
 mapper: su,string =           14 0.0000*so4_a3
 mapper; coefficient 0.0000 =    0.00000000    
 mapper: sl,send =           52          92
 mapper: string  = 0.0000*so4_a2+0.0720*so4_a1+0.0000*so4_a3
 mapper: su,string =           14 0.0000*so4_a2
 mapper; coefficient 0.0000 =    0.00000000    
 mapper: sl,send =           66          92
 mapper: string  = 0.0720*so4_a1+0.0000*so4_a3
 mapper: su,string =           14 0.0720*so4_a1
 mapper; coefficient 0.0720 =    7.19999969E-02
 mapper: sl,send =           80          92
 mapper: string  = 0.0000*so4_a3
 mapper; coefficient 0.0000 =    0.00000000    
 mapper; wrf_wght 1.e9                                                                                                                                                                                                                                                                                                                                                                                                                    =    1.00000000E+09
 mapper: mstring = nh4_a03->0.0000*so4_a2+0.0202*so4_a1+0.0011*so4_a3+0.0000*so4_a2+0.0001*so4_a1+0.0175*so4_a3;1.e9
 mapper: there are            6  mozart species for nh4_a03                         
 mapper: send =           92
 mapper: su,string =           14 0.0000*so4_a2
 mapper; coefficient 0.0000 =    0.00000000    
 mapper: sl,send =           24          92
 mapper: string  = 0.0202*so4_a1+0.0011*so4_a3+0.0000*so4_a2+0.0001*so4_a1+0.0175*so4_a3
 mapper: su,string =           14 0.0202*so4_a1
 mapper; coefficient 0.0202 =    2.01999992E-02
 mapper: sl,send =           38          92
 mapper: string  = 0.0011*so4_a3+0.0000*so4_a2+0.0001*so4_a1+0.0175*so4_a3
 mapper: su,string =           14 0.0011*so4_a3
 mapper; coefficient 0.0011 =    1.09999999E-03
 mapper: sl,send =           52          92
 mapper: string  = 0.0000*so4_a2+0.0001*so4_a1+0.0175*so4_a3
 mapper: su,string =           14 0.0000*so4_a2
 mapper; coefficient 0.0000 =    0.00000000    
 mapper: sl,send =           66          92
 mapper: string  = 0.0001*so4_a1+0.0175*so4_a3
 mapper: su,string =           14 0.0001*so4_a1
 mapper; coefficient 0.0001 =    9.99999975E-05
 mapper: sl,send =           80          92
 mapper: string  = 0.0175*so4_a3
 mapper; coefficient 0.0175 =    1.75000001E-02
 mapper; wrf_wght 1.e9                                                                                                                                                                                                                                                                                                                                                                                                                    =    1.00000000E+09
 mapper: mstring = nh4_a04->0.0000*so4_a2+0.0000*so4_a1+0.0755*so4_a3+0.0000*so4_a2+0.0000*so4_a1+0.0935*so4_a3;1.e9
 mapper: there are            6  mozart species for nh4_a04                         
 mapper: send =           92
 mapper: su,string =           14 0.0000*so4_a2
 mapper; coefficient 0.0000 =    0.00000000    
 mapper: sl,send =           24          92
 mapper: string  = 0.0000*so4_a1+0.0755*so4_a3+0.0000*so4_a2+0.0000*so4_a1+0.0935*so4_a3
 mapper: su,string =           14 0.0000*so4_a1
 mapper; coefficient 0.0000 =    0.00000000    
 mapper: sl,send =           38          92
 mapper: string  = 0.0755*so4_a3+0.0000*so4_a2+0.0000*so4_a1+0.0935*so4_a3
 mapper: su,string =           14 0.0755*so4_a3
 mapper; coefficient 0.0755 =    7.54999965E-02
 mapper: sl,send =           52          92
 mapper: string  = 0.0000*so4_a2+0.0000*so4_a1+0.0935*so4_a3
 mapper: su,string =           14 0.0000*so4_a2
 mapper; coefficient 0.0000 =    0.00000000    
 mapper: sl,send =           66          92
 mapper: string  = 0.0000*so4_a1+0.0935*so4_a3
 mapper: su,string =           14 0.0000*so4_a1
 mapper; coefficient 0.0000 =    0.00000000    
 mapper: sl,send =           80          92
 mapper: string  = 0.0935*so4_a3
 mapper; coefficient 0.0935 =    9.35000032E-02
 mapper; wrf_wght 1.e9                                                                                                                                                                                                                                                                                                                                                                                                                    =    1.00000000E+09
 mapper: mstring = no3_a01->0.0000*so4_a2+0.0000*so4_a1+0.0000*so4_a3+0.0000*so4_a2+0.0000*so4_a1+0.0000*so4_a3;1.e9
 mapper: there are            6  mozart species for no3_a01                         
 mapper: send =           92
 mapper: su,string =           14 0.0000*so4_a2
 mapper; coefficient 0.0000 =    0.00000000    
 mapper: sl,send =           24          92
 mapper: string  = 0.0000*so4_a1+0.0000*so4_a3+0.0000*so4_a2+0.0000*so4_a1+0.0000*so4_a3
 mapper: su,string =           14 0.0000*so4_a1
 mapper; coefficient 0.0000 =    0.00000000    
 mapper: sl,send =           38          92
 mapper: string  = 0.0000*so4_a3+0.0000*so4_a2+0.0000*so4_a1+0.0000*so4_a3
 mapper: su,string =           14 0.0000*so4_a3
 mapper; coefficient 0.0000 =    0.00000000    
 mapper: sl,send =           52          92
 mapper: string  = 0.0000*so4_a2+0.0000*so4_a1+0.0000*so4_a3
 mapper: su,string =           14 0.0000*so4_a2
 mapper; coefficient 0.0000 =    0.00000000    
 mapper: sl,send =           66          92
 mapper: string  = 0.0000*so4_a1+0.0000*so4_a3
 mapper: su,string =           14 0.0000*so4_a1
 mapper; coefficient 0.0000 =    0.00000000    
 mapper: sl,send =           80          92
 mapper: string  = 0.0000*so4_a3
 mapper; coefficient 0.0000 =    0.00000000    
 mapper; wrf_wght 1.e9                                                                                                                                                                                                                                                                                                                                                                                                                    =    1.00000000E+09
 mapper: mstring = no3_a02->0.0000*so4_a2+0.0000*so4_a1+0.0000*so4_a3+0.0000*so4_a2+0.0000*so4_a1+0.0000*so4_a3;1.e9
 mapper: there are            6  mozart species for no3_a02                         
 mapper: send =           92
 mapper: su,string =           14 0.0000*so4_a2
 mapper; coefficient 0.0000 =    0.00000000    
 mapper: sl,send =           24          92
 mapper: string  = 0.0000*so4_a1+0.0000*so4_a3+0.0000*so4_a2+0.0000*so4_a1+0.0000*so4_a3
 mapper: su,string =           14 0.0000*so4_a1
 mapper; coefficient 0.0000 =    0.00000000    
 mapper: sl,send =           38          92
 mapper: string  = 0.0000*so4_a3+0.0000*so4_a2+0.0000*so4_a1+0.0000*so4_a3
 mapper: su,string =           14 0.0000*so4_a3
 mapper; coefficient 0.0000 =    0.00000000    
 mapper: sl,send =           52          92
 mapper: string  = 0.0000*so4_a2+0.0000*so4_a1+0.0000*so4_a3
 mapper: su,string =           14 0.0000*so4_a2
 mapper; coefficient 0.0000 =    0.00000000    
 mapper: sl,send =           66          92
 mapper: string  = 0.0000*so4_a1+0.0000*so4_a3
 mapper: su,string =           14 0.0000*so4_a1
 mapper; coefficient 0.0000 =    0.00000000    
 mapper: sl,send =           80          92
 mapper: string  = 0.0000*so4_a3
 mapper; coefficient 0.0000 =    0.00000000    
 mapper; wrf_wght 1.e9                                                                                                                                                                                                                                                                                                                                                                                                                    =    1.00000000E+09
 mapper: mstring = no3_a03->0.0000*so4_a2+0.0000*so4_a1+0.0000*so4_a3+0.0000*so4_a2+0.0000*so4_a1+0.0000*so4_a3;1.e9
 mapper: there are            6  mozart species for no3_a03                         
 mapper: send =           92
 mapper: su,string =           14 0.0000*so4_a2
 mapper; coefficient 0.0000 =    0.00000000    
 mapper: sl,send =           24          92
 mapper: string  = 0.0000*so4_a1+0.0000*so4_a3+0.0000*so4_a2+0.0000*so4_a1+0.0000*so4_a3
 mapper: su,string =           14 0.0000*so4_a1
 mapper; coefficient 0.0000 =    0.00000000    
 mapper: sl,send =           38          92
 mapper: string  = 0.0000*so4_a3+0.0000*so4_a2+0.0000*so4_a1+0.0000*so4_a3
 mapper: su,string =           14 0.0000*so4_a3
 mapper; coefficient 0.0000 =    0.00000000    
 mapper: sl,send =           52          92
 mapper: string  = 0.0000*so4_a2+0.0000*so4_a1+0.0000*so4_a3
 mapper: su,string =           14 0.0000*so4_a2
 mapper; coefficient 0.0000 =    0.00000000    
 mapper: sl,send =           66          92
 mapper: string  = 0.0000*so4_a1+0.0000*so4_a3
 mapper: su,string =           14 0.0000*so4_a1
 mapper; coefficient 0.0000 =    0.00000000    
 mapper: sl,send =           80          92
 mapper: string  = 0.0000*so4_a3
 mapper; coefficient 0.0000 =    0.00000000    
 mapper; wrf_wght 1.e9                                                                                                                                                                                                                                                                                                                                                                                                                    =    1.00000000E+09
 mapper: mstring = no3_a04->0.0000*so4_a2+0.0000*so4_a1+0.0000*so4_a3+0.0000*so4_a2+0.0000*so4_a1+0.0000*so4_a3;1.e9
 mapper: there are            6  mozart species for no3_a04                         
 mapper: send =           92
 mapper: su,string =           14 0.0000*so4_a2
 mapper; coefficient 0.0000 =    0.00000000    
 mapper: sl,send =           24          92
 mapper: string  = 0.0000*so4_a1+0.0000*so4_a3+0.0000*so4_a2+0.0000*so4_a1+0.0000*so4_a3
 mapper: su,string =           14 0.0000*so4_a1
 mapper; coefficient 0.0000 =    0.00000000    
 mapper: sl,send =           38          92
 mapper: string  = 0.0000*so4_a3+0.0000*so4_a2+0.0000*so4_a1+0.0000*so4_a3
 mapper: su,string =           14 0.0000*so4_a3
 mapper; coefficient 0.0000 =    0.00000000    
 mapper: sl,send =           52          92
 mapper: string  = 0.0000*so4_a2+0.0000*so4_a1+0.0000*so4_a3
 mapper: su,string =           14 0.0000*so4_a2
 mapper; coefficient 0.0000 =    0.00000000    
 mapper: sl,send =           66          92
 mapper: string  = 0.0000*so4_a1+0.0000*so4_a3
 mapper: su,string =           14 0.0000*so4_a1
 mapper; coefficient 0.0000 =    0.00000000    
 mapper: sl,send =           80          92
 mapper: string  = 0.0000*so4_a3
 mapper; coefficient 0.0000 =    0.00000000    
 mapper; wrf_wght 1.e9                                                                                                                                                                                                                                                                                                                                                                                                                    =    1.00000000E+09
 mapper: mstring = na_a01->0.2954*ncl_a2+0.0037*ncl_a1+0.0000*ncl_a3+0.0935*ncl_a2+0.0442*ncl_a1+0.0000*ncl_a3;1.e9
 mapper: there are            6  mozart species for na_a01                          
 mapper: send =           91
 mapper: su,string =           14 0.2954*ncl_a2
 mapper; coefficient 0.2954 =   0.295399994    
 mapper: sl,send =           23          91
 mapper: string  = 0.0037*ncl_a1+0.0000*ncl_a3+0.0935*ncl_a2+0.0442*ncl_a1+0.0000*ncl_a3
 mapper: su,string =           14 0.0037*ncl_a1
 mapper; coefficient 0.0037 =    3.70000000E-03
 mapper: sl,send =           37          91
 mapper: string  = 0.0000*ncl_a3+0.0935*ncl_a2+0.0442*ncl_a1+0.0000*ncl_a3
 mapper: su,string =           14 0.0000*ncl_a3
 mapper; coefficient 0.0000 =    0.00000000    
 mapper: sl,send =           51          91
 mapper: string  = 0.0935*ncl_a2+0.0442*ncl_a1+0.0000*ncl_a3
 mapper: su,string =           14 0.0935*ncl_a2
 mapper; coefficient 0.0935 =    9.35000032E-02
 mapper: sl,send =           65          91
 mapper: string  = 0.0442*ncl_a1+0.0000*ncl_a3
 mapper: su,string =           14 0.0442*ncl_a1
 mapper; coefficient 0.0442 =    4.41999994E-02
 mapper: sl,send =           79          91
 mapper: string  = 0.0000*ncl_a3
 mapper; coefficient 0.0000 =    0.00000000    
 mapper; wrf_wght 1.e9                                                                                                                                                                                                                                                                                                                                                                                                                     =    1.00000000E+09
 mapper: mstring = na_a02->0.0045*ncl_a2+0.1509*ncl_a1+0.0000*ncl_a3+0.0000*ncl_a2+0.1488*ncl_a1+0.0000*ncl_a3;1.e9
 mapper: there are            6  mozart species for na_a02                          
 mapper: send =           91
 mapper: su,string =           14 0.0045*ncl_a2
 mapper; coefficient 0.0045 =    4.49999981E-03
 mapper: sl,send =           23          91
 mapper: string  = 0.1509*ncl_a1+0.0000*ncl_a3+0.0000*ncl_a2+0.1488*ncl_a1+0.0000*ncl_a3
 mapper: su,string =           14 0.1509*ncl_a1
 mapper; coefficient 0.1509 =   0.150900006    
 mapper: sl,send =           37          91
 mapper: string  = 0.0000*ncl_a3+0.0000*ncl_a2+0.1488*ncl_a1+0.0000*ncl_a3
 mapper: su,string =           14 0.0000*ncl_a3
 mapper; coefficient 0.0000 =    0.00000000    
 mapper: sl,send =           51          91
 mapper: string  = 0.0000*ncl_a2+0.1488*ncl_a1+0.0000*ncl_a3
 mapper: su,string =           14 0.0000*ncl_a2
 mapper; coefficient 0.0000 =    0.00000000    
 mapper: sl,send =           65          91
 mapper: string  = 0.1488*ncl_a1+0.0000*ncl_a3
 mapper: su,string =           14 0.1488*ncl_a1
 mapper; coefficient 0.1488 =   0.148800001    
 mapper: sl,send =           79          91
 mapper: string  = 0.0000*ncl_a3
 mapper; coefficient 0.0000 =    0.00000000    
 mapper; wrf_wght 1.e9                                                                                                                                                                                                                                                                                                                                                                                                                     =    1.00000000E+09
 mapper: mstring = na_a03->0.0000*ncl_a2+0.0424*ncl_a1+0.0024*ncl_a3+0.0000*ncl_a2+0.0034*ncl_a1+0.0367*ncl_a3;1.e9
 mapper: there are            6  mozart species for na_a03                          
 mapper: send =           91
 mapper: su,string =           14 0.0000*ncl_a2
 mapper; coefficient 0.0000 =    0.00000000    
 mapper: sl,send =           23          91
 mapper: string  = 0.0424*ncl_a1+0.0024*ncl_a3+0.0000*ncl_a2+0.0034*ncl_a1+0.0367*ncl_a3
 mapper: su,string =           14 0.0424*ncl_a1
 mapper; coefficient 0.0424 =    4.23999988E-02
 mapper: sl,send =           37          91
 mapper: string  = 0.0024*ncl_a3+0.0000*ncl_a2+0.0034*ncl_a1+0.0367*ncl_a3
 mapper: su,string =           14 0.0024*ncl_a3
 mapper; coefficient 0.0024 =    2.40000011E-03
 mapper: sl,send =           51          91
 mapper: string  = 0.0000*ncl_a2+0.0034*ncl_a1+0.0367*ncl_a3
 mapper: su,string =           14 0.0000*ncl_a2
 mapper; coefficient 0.0000 =    0.00000000    
 mapper: sl,send =           65          91
 mapper: string  = 0.0034*ncl_a1+0.0367*ncl_a3
 mapper: su,string =           14 0.0034*ncl_a1
 mapper; coefficient 0.0034 =    3.40000005E-03
 mapper: sl,send =           79          91
 mapper: string  = 0.0367*ncl_a3
 mapper; coefficient 0.0367 =    3.66999991E-02
 mapper; wrf_wght 1.e9                                                                                                                                                                                                                                                                                                                                                                                                                     =    1.00000000E+09
 mapper: mstring = na_a04->0.0000*ncl_a2+0.0000*ncl_a1+0.1582*ncl_a3+0.0000*ncl_a2+0.0000*ncl_a1+0.1960*ncl_a3;1.e9
 mapper: there are            6  mozart species for na_a04                          
 mapper: send =           91
 mapper: su,string =           14 0.0000*ncl_a2
 mapper; coefficient 0.0000 =    0.00000000    
 mapper: sl,send =           23          91
 mapper: string  = 0.0000*ncl_a1+0.1582*ncl_a3+0.0000*ncl_a2+0.0000*ncl_a1+0.1960*ncl_a3
 mapper: su,string =           14 0.0000*ncl_a1
 mapper; coefficient 0.0000 =    0.00000000    
 mapper: sl,send =           37          91
 mapper: string  = 0.1582*ncl_a3+0.0000*ncl_a2+0.0000*ncl_a1+0.1960*ncl_a3
 mapper: su,string =           14 0.1582*ncl_a3
 mapper; coefficient 0.1582 =   0.158199996    
 mapper: sl,send =           51          91
 mapper: string  = 0.0000*ncl_a2+0.0000*ncl_a1+0.1960*ncl_a3
 mapper: su,string =           14 0.0000*ncl_a2
 mapper; coefficient 0.0000 =    0.00000000    
 mapper: sl,send =           65          91
 mapper: string  = 0.0000*ncl_a1+0.1960*ncl_a3
 mapper: su,string =           14 0.0000*ncl_a1
 mapper; coefficient 0.0000 =    0.00000000    
 mapper: sl,send =           79          91
 mapper: string  = 0.1960*ncl_a3
 mapper; coefficient 0.1960 =   0.195999995    
 mapper; wrf_wght 1.e9                                                                                                                                                                                                                                                                                                                                                                                                                     =    1.00000000E+09
 mapper: mstring = cl_a01->0.4555*ncl_a2+0.0056*ncl_a1+0.0000*ncl_a3+0.1441*ncl_a2+0.0681*ncl_a1+0.0000*ncl_a3;1.e9
 mapper: there are            6  mozart species for cl_a01                          
 mapper: send =           91
 mapper: su,string =           14 0.4555*ncl_a2
 mapper; coefficient 0.4555 =   0.455500007    
 mapper: sl,send =           23          91
 mapper: string  = 0.0056*ncl_a1+0.0000*ncl_a3+0.1441*ncl_a2+0.0681*ncl_a1+0.0000*ncl_a3
 mapper: su,string =           14 0.0056*ncl_a1
 mapper; coefficient 0.0056 =    5.59999980E-03
 mapper: sl,send =           37          91
 mapper: string  = 0.0000*ncl_a3+0.1441*ncl_a2+0.0681*ncl_a1+0.0000*ncl_a3
 mapper: su,string =           14 0.0000*ncl_a3
 mapper; coefficient 0.0000 =    0.00000000    
 mapper: sl,send =           51          91
 mapper: string  = 0.1441*ncl_a2+0.0681*ncl_a1+0.0000*ncl_a3
 mapper: su,string =           14 0.1441*ncl_a2
 mapper; coefficient 0.1441 =   0.144099995    
 mapper: sl,send =           65          91
 mapper: string  = 0.0681*ncl_a1+0.0000*ncl_a3
 mapper: su,string =           14 0.0681*ncl_a1
 mapper; coefficient 0.0681 =    6.80999979E-02
 mapper: sl,send =           79          91
 mapper: string  = 0.0000*ncl_a3
 mapper; coefficient 0.0000 =    0.00000000    
 mapper; wrf_wght 1.e9                                                                                                                                                                                                                                                                                                                                                                                                                     =    1.00000000E+09
 mapper: mstring = cl_a02->0.0068*ncl_a2+0.2326*ncl_a1+0.0000*ncl_a3+0.0000*ncl_a2+0.2295*ncl_a1+0.0000*ncl_a3;1.e9
 mapper: there are            6  mozart species for cl_a02                          
 mapper: send =           91
 mapper: su,string =           14 0.0068*ncl_a2
 mapper; coefficient 0.0068 =    6.80000009E-03
 mapper: sl,send =           23          91
 mapper: string  = 0.2326*ncl_a1+0.0000*ncl_a3+0.0000*ncl_a2+0.2295*ncl_a1+0.0000*ncl_a3
 mapper: su,string =           14 0.2326*ncl_a1
 mapper; coefficient 0.2326 =   0.232600003    
 mapper: sl,send =           37          91
 mapper: string  = 0.0000*ncl_a3+0.0000*ncl_a2+0.2295*ncl_a1+0.0000*ncl_a3
 mapper: su,string =           14 0.0000*ncl_a3
 mapper; coefficient 0.0000 =    0.00000000    
 mapper: sl,send =           51          91
 mapper: string  = 0.0000*ncl_a2+0.2295*ncl_a1+0.0000*ncl_a3
 mapper: su,string =           14 0.0000*ncl_a2
 mapper; coefficient 0.0000 =    0.00000000    
 mapper: sl,send =           65          91
 mapper: string  = 0.2295*ncl_a1+0.0000*ncl_a3
 mapper: su,string =           14 0.2295*ncl_a1
 mapper; coefficient 0.2295 =   0.229499996    
 mapper: sl,send =           79          91
 mapper: string  = 0.0000*ncl_a3
 mapper; coefficient 0.0000 =    0.00000000    
 mapper; wrf_wght 1.e9                                                                                                                                                                                                                                                                                                                                                                                                                     =    1.00000000E+09
 mapper: mstring = cl_a03->0.0000*ncl_a2+0.0654*ncl_a1+0.0037*ncl_a3+0.0000*ncl_a2+0.0055*ncl_a1+0.0567*ncl_a3;1.e9
 mapper: there are            6  mozart species for cl_a03                          
 mapper: send =           91
 mapper: su,string =           14 0.0000*ncl_a2
 mapper; coefficient 0.0000 =    0.00000000    
 mapper: sl,send =           23          91
 mapper: string  = 0.0654*ncl_a1+0.0037*ncl_a3+0.0000*ncl_a2+0.0055*ncl_a1+0.0567*ncl_a3
 mapper: su,string =           14 0.0654*ncl_a1
 mapper; coefficient 0.0654 =    6.53999969E-02
 mapper: sl,send =           37          91
 mapper: string  = 0.0037*ncl_a3+0.0000*ncl_a2+0.0055*ncl_a1+0.0567*ncl_a3
 mapper: su,string =           14 0.0037*ncl_a3
 mapper; coefficient 0.0037 =    3.70000000E-03
 mapper: sl,send =           51          91
 mapper: string  = 0.0000*ncl_a2+0.0055*ncl_a1+0.0567*ncl_a3
 mapper: su,string =           14 0.0000*ncl_a2
 mapper; coefficient 0.0000 =    0.00000000    
 mapper: sl,send =           65          91
 mapper: string  = 0.0055*ncl_a1+0.0567*ncl_a3
 mapper: su,string =           14 0.0055*ncl_a1
 mapper; coefficient 0.0055 =    5.49999997E-03
 mapper: sl,send =           79          91
 mapper: string  = 0.0567*ncl_a3
 mapper; coefficient 0.0567 =    5.66999987E-02
 mapper; wrf_wght 1.e9                                                                                                                                                                                                                                                                                                                                                                                                                     =    1.00000000E+09
 mapper: mstring = cl_a04->0.0000*ncl_a2+0.0001*ncl_a1+0.2439*ncl_a3+0.0000*ncl_a2+0.0000*ncl_a1+0.3023*ncl_a3;1.e9
 mapper: there are            6  mozart species for cl_a04                          
 mapper: send =           91
 mapper: su,string =           14 0.0000*ncl_a2
 mapper; coefficient 0.0000 =    0.00000000    
 mapper: sl,send =           23          91
 mapper: string  = 0.0001*ncl_a1+0.2439*ncl_a3+0.0000*ncl_a2+0.0000*ncl_a1+0.3023*ncl_a3
 mapper: su,string =           14 0.0001*ncl_a1
 mapper; coefficient 0.0001 =    9.99999975E-05
 mapper: sl,send =           37          91
 mapper: string  = 0.2439*ncl_a3+0.0000*ncl_a2+0.0000*ncl_a1+0.3023*ncl_a3
 mapper: su,string =           14 0.2439*ncl_a3
 mapper; coefficient 0.2439 =   0.243900001    
 mapper: sl,send =           51          91
 mapper: string  = 0.0000*ncl_a2+0.0000*ncl_a1+0.3023*ncl_a3
 mapper: su,string =           14 0.0000*ncl_a2
 mapper; coefficient 0.0000 =    0.00000000    
 mapper: sl,send =           65          91
 mapper: string  = 0.0000*ncl_a1+0.3023*ncl_a3
 mapper: su,string =           14 0.0000*ncl_a1
 mapper; coefficient 0.0000 =    0.00000000    
 mapper: sl,send =           79          91
 mapper: string  = 0.3023*ncl_a3
 mapper; coefficient 0.3023 =   0.302300006    
 mapper; wrf_wght 1.e9                                                                                                                                                                                                                                                                                                                                                                                                                     =    1.00000000E+09
 mapper: mstring = oin_a01->0.7510*dst_a2+0.0093*dst_a1+0.0000*dst_a3+0.2376*dst_a2+0.1123*dst_a1+0.0000*dst_a3;1.e9
 mapper: there are            6  mozart species for oin_a01                         
 mapper: send =           92
 mapper: su,string =           14 0.7510*dst_a2
 mapper; coefficient 0.7510 =   0.750999987    
 mapper: sl,send =           24          92
 mapper: string  = 0.0093*dst_a1+0.0000*dst_a3+0.2376*dst_a2+0.1123*dst_a1+0.0000*dst_a3
 mapper: su,string =           14 0.0093*dst_a1
 mapper; coefficient 0.0093 =    9.30000003E-03
 mapper: sl,send =           38          92
 mapper: string  = 0.0000*dst_a3+0.2376*dst_a2+0.1123*dst_a1+0.0000*dst_a3
 mapper: su,string =           14 0.0000*dst_a3
 mapper; coefficient 0.0000 =    0.00000000    
 mapper: sl,send =           52          92
 mapper: string  = 0.2376*dst_a2+0.1123*dst_a1+0.0000*dst_a3
 mapper: su,string =           14 0.2376*dst_a2
 mapper; coefficient 0.2376 =   0.237599999    
 mapper: sl,send =           66          92
 mapper: string  = 0.1123*dst_a1+0.0000*dst_a3
 mapper: su,string =           14 0.1123*dst_a1
 mapper; coefficient 0.1123 =   0.112300001    
 mapper: sl,send =           80          92
 mapper: string  = 0.0000*dst_a3
 mapper; coefficient 0.0000 =    0.00000000    
 mapper; wrf_wght 1.e9                                                                                                                                                                                                                                                                                                                                                                                                                    =    1.00000000E+09
 mapper: mstring = oin_a02->0.0113*dst_a2+0.3835*dst_a1+0.0000*dst_a3+0.0001*dst_a2+0.3783*dst_a1+0.0002*dst_a3;1.e9
 mapper: there are            6  mozart species for oin_a02                         
 mapper: send =           92
 mapper: su,string =           14 0.0113*dst_a2
 mapper; coefficient 0.0113 =    1.13000004E-02
 mapper: sl,send =           24          92
 mapper: string  = 0.3835*dst_a1+0.0000*dst_a3+0.0001*dst_a2+0.3783*dst_a1+0.0002*dst_a3
 mapper: su,string =           14 0.3835*dst_a1
 mapper; coefficient 0.3835 =   0.383500010    
 mapper: sl,send =           38          92
 mapper: string  = 0.0000*dst_a3+0.0001*dst_a2+0.3783*dst_a1+0.0002*dst_a3
 mapper: su,string =           14 0.0000*dst_a3
 mapper; coefficient 0.0000 =    0.00000000    
 mapper: sl,send =           52          92
 mapper: string  = 0.0001*dst_a2+0.3783*dst_a1+0.0002*dst_a3
 mapper: su,string =           14 0.0001*dst_a2
 mapper; coefficient 0.0001 =    9.99999975E-05
 mapper: sl,send =           66          92
 mapper: string  = 0.3783*dst_a1+0.0002*dst_a3
 mapper: su,string =           14 0.3783*dst_a1
 mapper; coefficient 0.3783 =   0.378300011    
 mapper: sl,send =           80          92
 mapper: string  = 0.0002*dst_a3
 mapper; coefficient 0.0002 =    1.99999995E-04
 mapper; wrf_wght 1.e9                                                                                                                                                                                                                                                                                                                                                                                                                    =    1.00000000E+09
 mapper: mstring = oin_a03->0.0000*dst_a2+0.1077*dst_a1+0.0061*dst_a3+0.0000*dst_a2+0.0087*dst_a1+0.0934*dst_a3;1.e9
 mapper: there are            6  mozart species for oin_a03                         
 mapper: send =           92
 mapper: su,string =           14 0.0000*dst_a2
 mapper; coefficient 0.0000 =    0.00000000    
 mapper: sl,send =           24          92
 mapper: string  = 0.1077*dst_a1+0.0061*dst_a3+0.0000*dst_a2+0.0087*dst_a1+0.0934*dst_a3
 mapper: su,string =           14 0.1077*dst_a1
 mapper; coefficient 0.1077 =   0.107699998    
 mapper: sl,send =           38          92
 mapper: string  = 0.0061*dst_a3+0.0000*dst_a2+0.0087*dst_a1+0.0934*dst_a3
 mapper: su,string =           14 0.0061*dst_a3
 mapper; coefficient 0.0061 =    6.09999988E-03
 mapper: sl,send =           52          92
 mapper: string  = 0.0000*dst_a2+0.0087*dst_a1+0.0934*dst_a3
 mapper: su,string =           14 0.0000*dst_a2
 mapper; coefficient 0.0000 =    0.00000000    
 mapper: sl,send =           66          92
 mapper: string  = 0.0087*dst_a1+0.0934*dst_a3
 mapper: su,string =           14 0.0087*dst_a1
 mapper; coefficient 0.0087 =    8.70000012E-03
 mapper: sl,send =           80          92
 mapper: string  = 0.0934*dst_a3
 mapper; coefficient 0.0934 =    9.34000015E-02
 mapper; wrf_wght 1.e9                                                                                                                                                                                                                                                                                                                                                                                                                    =    1.00000000E+09
 mapper: mstring = oin_a04->0.0000*dst_a2+0.0002*dst_a1+0.4020*dst_a3+0.0000*dst_a2+0.0000*dst_a1+0.4983*dst_a3;1.e9
 mapper: there are            6  mozart species for oin_a04                         
 mapper: send =           92
 mapper: su,string =           14 0.0000*dst_a2
 mapper; coefficient 0.0000 =    0.00000000    
 mapper: sl,send =           24          92
 mapper: string  = 0.0002*dst_a1+0.4020*dst_a3+0.0000*dst_a2+0.0000*dst_a1+0.4983*dst_a3
 mapper: su,string =           14 0.0002*dst_a1
 mapper; coefficient 0.0002 =    1.99999995E-04
 mapper: sl,send =           38          92
 mapper: string  = 0.4020*dst_a3+0.0000*dst_a2+0.0000*dst_a1+0.4983*dst_a3
 mapper: su,string =           14 0.4020*dst_a3
 mapper; coefficient 0.4020 =   0.402000010    
 mapper: sl,send =           52          92
 mapper: string  = 0.0000*dst_a2+0.0000*dst_a1+0.4983*dst_a3
 mapper: su,string =           14 0.0000*dst_a2
 mapper; coefficient 0.0000 =    0.00000000    
 mapper: sl,send =           66          92
 mapper: string  = 0.0000*dst_a1+0.4983*dst_a3
 mapper: su,string =           14 0.0000*dst_a1
 mapper; coefficient 0.0000 =    0.00000000    
 mapper: sl,send =           80          92
 mapper: string  = 0.4983*dst_a3
 mapper; coefficient 0.4983 =   0.498299986    
 mapper; wrf_wght 1.e9                                                                                                                                                                                                                                                                                                                                                                                                                    =    1.00000000E+09
 mapper: mstring = num_a01->0.9502*num_a2+0.2509*num_a1+0.0000*num_a3+0.0494*num_a2+0.4626*num_a1+0.0000*num_a3;1.0
 mapper: there are            6  mozart species for num_a01                         
 mapper: send =           92
 mapper: su,string =           14 0.9502*num_a2
 mapper; coefficient 0.9502 =   0.950200021    
 mapper: sl,send =           24          92
 mapper: string  = 0.2509*num_a1+0.0000*num_a3+0.0494*num_a2+0.4626*num_a1+0.0000*num_a3
 mapper: su,string =           14 0.2509*num_a1
 mapper; coefficient 0.2509 =   0.250900000    
 mapper: sl,send =           38          92
 mapper: string  = 0.0000*num_a3+0.0494*num_a2+0.4626*num_a1+0.0000*num_a3
 mapper: su,string =           14 0.0000*num_a3
 mapper; coefficient 0.0000 =    0.00000000    
 mapper: sl,send =           52          92
 mapper: string  = 0.0494*num_a2+0.4626*num_a1+0.0000*num_a3
 mapper: su,string =           14 0.0494*num_a2
 mapper; coefficient 0.0494 =    4.94000018E-02
 mapper: sl,send =           66          92
 mapper: string  = 0.4626*num_a1+0.0000*num_a3
 mapper: su,string =           14 0.4626*num_a1
 mapper; coefficient 0.4626 =   0.462599993    
 mapper: sl,send =           80          92
 mapper: string  = 0.0000*num_a3
 mapper; coefficient 0.0000 =    0.00000000    
 mapper; wrf_wght 1.0                                                                                                                                                                                                                                                                                                                                                                                                                     =    1.00000000    
 mapper: mstring = num_a02->0.0004*num_a2+0.2470*num_a1+0.0007*num_a3+0.0000*num_a2+0.0377*num_a1+0.0232*num_a3;1.0
 mapper: there are            6  mozart species for num_a02                         
 mapper: send =           92
 mapper: su,string =           14 0.0004*num_a2
 mapper; coefficient 0.0004 =    3.99999990E-04
 mapper: sl,send =           24          92
 mapper: string  = 0.2470*num_a1+0.0007*num_a3+0.0000*num_a2+0.0377*num_a1+0.0232*num_a3
 mapper: su,string =           14 0.2470*num_a1
 mapper; coefficient 0.2470 =   0.246999994    
 mapper: sl,send =           38          92
 mapper: string  = 0.0007*num_a3+0.0000*num_a2+0.0377*num_a1+0.0232*num_a3
 mapper: su,string =           14 0.0007*num_a3
 mapper; coefficient 0.0007 =    6.99999975E-04
 mapper: sl,send =           52          92
 mapper: string  = 0.0000*num_a2+0.0377*num_a1+0.0232*num_a3
 mapper: su,string =           14 0.0000*num_a2
 mapper; coefficient 0.0000 =    0.00000000    
 mapper: sl,send =           66          92
 mapper: string  = 0.0377*num_a1+0.0232*num_a3
 mapper: su,string =           14 0.0377*num_a1
 mapper; coefficient 0.0377 =    3.77000012E-02
 mapper: sl,send =           80          92
 mapper: string  = 0.0232*num_a3
 mapper; coefficient 0.0232 =    2.31999997E-02
 mapper; wrf_wght 1.0                                                                                                                                                                                                                                                                                                                                                                                                                     =    1.00000000    
 mapper: mstring = num_a03->0.0000*num_a2+0.0016*num_a1+0.1886*num_a3+0.0000*num_a2+0.0000*num_a1+0.4372*num_a3;1.0
 mapper: there are            6  mozart species for num_a03                         
 mapper: send =           92
 mapper: su,string =           14 0.0000*num_a2
 mapper; coefficient 0.0000 =    0.00000000    
 mapper: sl,send =           24          92
 mapper: string  = 0.0016*num_a1+0.1886*num_a3+0.0000*num_a2+0.0000*num_a1+0.4372*num_a3
 mapper: su,string =           14 0.0016*num_a1
 mapper; coefficient 0.0016 =    1.59999996E-03
 mapper: sl,send =           38          92
 mapper: string  = 0.1886*num_a3+0.0000*num_a2+0.0000*num_a1+0.4372*num_a3
 mapper: su,string =           14 0.1886*num_a3
 mapper; coefficient 0.1886 =   0.188600004    
 mapper: sl,send =           52          92
 mapper: string  = 0.0000*num_a2+0.0000*num_a1+0.4372*num_a3
 mapper: su,string =           14 0.0000*num_a2
 mapper; coefficient 0.0000 =    0.00000000    
 mapper: sl,send =           66          92
 mapper: string  = 0.0000*num_a1+0.4372*num_a3
 mapper: su,string =           14 0.0000*num_a1
 mapper; coefficient 0.0000 =    0.00000000    
 mapper: sl,send =           80          92
 mapper: string  = 0.4372*num_a3
 mapper; coefficient 0.4372 =   0.437200010    
 mapper; wrf_wght 1.0                                                                                                                                                                                                                                                                                                                                                                                                                     =    1.00000000    
 mapper: mstring = num_a04->0.0000*num_a2+0.0000*num_a1+0.2935*num_a3+0.0000*num_a2+0.0000*num_a1+0.0566*num_a3;1.0
 mapper: there are            6  mozart species for num_a04                         
 mapper: send =           92
 mapper: su,string =           14 0.0000*num_a2
 mapper; coefficient 0.0000 =    0.00000000    
 mapper: sl,send =           24          92
 mapper: string  = 0.0000*num_a1+0.2935*num_a3+0.0000*num_a2+0.0000*num_a1+0.0566*num_a3
 mapper: su,string =           14 0.0000*num_a1
 mapper; coefficient 0.0000 =    0.00000000    
 mapper: sl,send =           38          92
 mapper: string  = 0.2935*num_a3+0.0000*num_a2+0.0000*num_a1+0.0566*num_a3
 mapper: su,string =           14 0.2935*num_a3
 mapper; coefficient 0.2935 =   0.293500006    
 mapper: sl,send =           52          92
 mapper: string  = 0.0000*num_a2+0.0000*num_a1+0.0566*num_a3
 mapper: su,string =           14 0.0000*num_a2
 mapper; coefficient 0.0000 =    0.00000000    
 mapper: sl,send =           66          92
 mapper: string  = 0.0000*num_a1+0.0566*num_a3
 mapper: su,string =           14 0.0000*num_a1
 mapper; coefficient 0.0000 =    0.00000000    
 mapper: sl,send =           80          92
 mapper: string  = 0.0566*num_a3
 mapper; coefficient 0.0566 =    5.66000007E-02
 mapper; wrf_wght 1.0                                                                                                                                                                                                                                                                                                                                                                                                                     =    1.00000000    
 mapper:            1 co           1 CO         1.00000000     T   1000000.00    
 mapper:            2 acet           1 CH3COCH3   1.00000000     T   1000000.00    
 mapper:            3 alk3           1 BIGALK    0.500000000     T   1000000.00    
 mapper:            4 alk4           1 BIGALK    0.300000012     T   1000000.00    
 mapper:            5 alk5           1 BIGALK    0.200000003     T   1000000.00    
 mapper:            6 aro1           1 TOLUENE   0.500000000     T   1000000.00    
 mapper:            7 aro2           1 TOLUENE   0.500000000     T   1000000.00    
 mapper:            8 c2h2           1 C2H2       1.00000000     T   1000000.00    
 mapper:            9 c2h6           1 C2H6       1.00000000     T   1000000.00    
 mapper:           10 c3h6           1 C3H6       1.00000000     T   1000000.00    
 mapper:           11 c3h8           1 C3H8       1.00000000     T   1000000.00    
 mapper:           12 cco_oh           1 CH3COOH    1.00000000     T   1000000.00    
 mapper:           13 cooh           1 CH3OOH     1.00000000     T   1000000.00    
 mapper:           14 ch4           1 CH4        1.00000000     T   1000000.00    
 mapper:           15 ccho           1 CH3CHO     1.00000000     T   1000000.00    
 mapper:           16 cres           1 CRESOL     1.00000000     T   1000000.00    
 mapper:           17 ethene           1 C2H4       1.00000000     T   1000000.00    
 mapper:           18 etoh           1 C2H5OH     1.00000000     T   1000000.00    
 mapper:           19 gly           1 GLYOXAL    1.00000000     T   1000000.00    
 mapper:           20 h2o2           1 H2O2       1.00000000     T   1000000.00    
 mapper:           21 n2o5           1 N2O5       1.00000000     T   1000000.00    
 mapper:           22 hcho           1 CH2O       1.00000000     T   1000000.00    
 mapper:           23 hcooh           1 HCOOH      1.00000000     T   1000000.00    
 mapper:           24 hno3           1 HNO3       1.00000000     T   1000000.00    
 mapper:           25 isoprod           2 MVK     MACR       1.00000000       1.00000000     T T   1000000.00    
 mapper:           26 isoprene           1 ISOP       1.00000000     T   1000000.00    
 mapper:           27 mek           1 MEK        1.00000000     T   1000000.00    
 mapper:           28 meoh           1 CH3OH      1.00000000     T   1000000.00    
 mapper:           29 methacro           1 MACR       1.00000000     T   1000000.00    
 mapper:           30 mvk           1 MVK        1.00000000     T   1000000.00    
 mapper:           31 mgly           1 CH3COCHO   1.00000000     T   1000000.00    
 mapper:           32 nh3           1 NH3        1.00000000     T   1000000.00    
 mapper:           33 no           1 NO         1.00000000     T   1000000.00    
 mapper:           34 no2           1 NO2        1.00000000     T   1000000.00    
 mapper:           35 o3           1 O3         1.00000000     T   1000000.00    
 mapper:           36 ole1           1 C3H6       1.00000000     T   1000000.00    
 mapper:           37 ole2           1 BIGENE     1.00000000     T   1000000.00    
 mapper:           38 pan           1 PAN        1.00000000     T   1000000.00    
 mapper:           39 so2           1 SO2        1.00000000     T   1000000.00    
 mapper:           40 terp           1 MTERP      1.00000000     T   1000000.00    
 mapper:           41 oc_a01          24 pom_a1  pom_a4  soa1_a2 soa1_a1 soa2_a2 soa2_a1 soa3_a2 soa3_a1 soa4_a2 soa4_a1 soa5_a2 soa5_a1 pom_a1  pom_a4  soa1_a2 soa1_a1 soa2_a2 soa2_a1 soa3_a2 soa3_a1 soa4_a2 soa4_a1 soa5_a2 soa5_a1    9.30000003E-03   9.30000003E-03  0.750999987       9.30000003E-03  0.750999987       9.30000003E-03  0.750999987       9.30000003E-03  0.750999987       9.30000003E-03  0.750999987       9.30000003E-03  0.112300001      0.112300001      0.237599999      0.112300001      0.237599999      0.112300001      0.237599999      0.112300001      0.237599999      0.112300001      0.237599999      0.112300001     T T T T T T T T T T T T T T T T T T T T T T T T   500000000.    
 mapper:           42 oc_a02          24 pom_a1  pom_a4  soa1_a2 soa1_a1 soa2_a2 soa2_a1 soa3_a2 soa3_a1 soa4_a2 soa4_a1 soa5_a2 soa5_a1 pom_a1  pom_a4  soa1_a2 soa1_a1 soa2_a2 soa2_a1 soa3_a2 soa3_a1 soa4_a2 soa4_a1 soa5_a2 soa5_a1   0.383500010      0.383500010       1.13000004E-02  0.383500010       1.32999998E-02  0.383500010       1.13000004E-02  0.383800000       1.13000004E-02  0.383800000       1.13000004E-02  0.383800000      0.378300011      0.378300011       9.99999975E-05  0.378300011       9.99999975E-05  0.378300011       9.99999975E-05  0.378300011       9.99999975E-05  0.378300011       9.99999975E-05  0.378300011     T T T T T T T T T T T T T T T T T T T T T T T T   500000000.    
 mapper:           43 oc_a03          24 pom_a1  pom_a4  soa1_a2 soa1_a1 soa2_a2 soa2_a1 soa3_a2 soa3_a1 soa4_a2 soa4_a1 soa5_a2 soa5_a1 pom_a1  pom_a4  soa1_a2 soa1_a1 soa2_a2 soa2_a1 soa3_a2 soa3_a1 soa4_a2 soa4_a1 soa5_a2 soa5_a1   0.107699998      0.107699998       0.00000000      0.107699998       0.00000000      0.107699998       0.00000000      0.107699998       0.00000000      0.107699998       0.00000000      0.107699998       8.70000012E-03   8.70000012E-03   0.00000000       8.70000012E-03   0.00000000       8.70000012E-03   0.00000000       8.70000012E-03   0.00000000       8.70000012E-03   0.00000000       8.70000012E-03 T T T T T T T T T T T T T T T T T T T T T T T T   500000000.    
 mapper:           44 oc_a04          24 pom_a1  pom_a4  soa1_a2 soa1_a1 soa2_a2 soa2_a1 soa3_a2 soa3_a1 soa4_a2 soa4_a1 soa5_a2 soa5_a1 pom_a1  pom_a4  soa1_a2 soa1_a1 soa2_a2 soa2_a1 soa3_a2 soa3_a1 soa4_a2 soa4_a1 soa5_a2 soa5_a1    1.99999995E-04   1.99999995E-04   0.00000000       1.99999995E-04   0.00000000       1.99999995E-04   0.00000000       1.99999995E-04   0.00000000       1.99999995E-04   0.00000000       1.99999995E-04   0.00000000       0.00000000       0.00000000       0.00000000       0.00000000       0.00000000       0.00000000       0.00000000       0.00000000       0.00000000       0.00000000       0.00000000     T T T T T T T T T T T T T T T T T T T T T T T T   500000000.    
 mapper:           45 bc_a01           4 bc_a1   bc_a4   bc_a1   bc_a4      9.30000003E-03   9.30000003E-03   8.70000012E-03   8.70000012E-03 T T T T   1.00000000E+09
 mapper:           46 bc_a02           4 bc_a1   bc_a4   bc_a1   bc_a4     0.383500010      0.383500010      0.378300011      0.378300011     T T T T   1.00000000E+09
 mapper:           47 bc_a03           4 bc_a1   bc_a4   bc_a1   bc_a4     0.107699998      0.107699998       8.70000012E-03   8.70000012E-03 T T T T   1.00000000E+09
 mapper:           48 bc_a04           4 bc_a1   bc_a4   bc_a1   bc_a4      1.99999995E-04   1.99999995E-04   0.00000000       0.00000000     T T T T   1.00000000E+09
 mapper:           49 so4_a01           6 so4_a2  so4_a1  so4_a3  so4_a2  so4_a1  so4_a3    0.750999987       9.30000003E-03   0.00000000      0.237599999      0.112300001       0.00000000     T T T T T T   1.00000000E+09
 mapper:           50 so4_a02           6 so4_a2  so4_a1  so4_a3  so4_a2  so4_a1  so4_a3     1.13000004E-02  0.383500010       0.00000000       9.99999975E-05  0.378300011       1.99999995E-04 T T T T T T   1.00000000E+09
 mapper:           51 so4_a03           6 so4_a2  so4_a1  so4_a3  so4_a2  so4_a1  so4_a3     0.00000000      0.107699998       6.09999988E-03   0.00000000       8.70000012E-03   9.34000015E-02 T T T T T T   1.00000000E+09
 mapper:           52 so4_a04           6 so4_a2  so4_a1  so4_a3  so4_a2  so4_a1  so4_a3     0.00000000       1.99999995E-04  0.402000010       0.00000000       0.00000000      0.498299986     T T T T T T   1.00000000E+09
 mapper:           53 nh4_a01           6 so4_a2  so4_a1  so4_a3  so4_a2  so4_a1  so4_a3    0.141000003       3.29999998E-03   0.00000000       4.45999987E-02   1.70000002E-03   0.00000000     T T T T T T   1.00000000E+09
 mapper:           54 nh4_a02           6 so4_a2  so4_a1  so4_a3  so4_a2  so4_a1  so4_a3     2.09999993E-03   2.09999997E-02   0.00000000       0.00000000       7.19999969E-02   0.00000000     T T T T T T   1.00000000E+09
 mapper:           55 nh4_a03           6 so4_a2  so4_a1  so4_a3  so4_a2  so4_a1  so4_a3     0.00000000       2.01999992E-02   1.09999999E-03   0.00000000       9.99999975E-05   1.75000001E-02 T T T T T T   1.00000000E+09
 mapper:           56 nh4_a04           6 so4_a2  so4_a1  so4_a3  so4_a2  so4_a1  so4_a3     0.00000000       0.00000000       7.54999965E-02   0.00000000       0.00000000       9.35000032E-02 T T T T T T   1.00000000E+09
 mapper:           57 no3_a01           6 so4_a2  so4_a1  so4_a3  so4_a2  so4_a1  so4_a3     0.00000000       0.00000000       0.00000000       0.00000000       0.00000000       0.00000000     T T T T T T   1.00000000E+09
 mapper:           58 no3_a02           6 so4_a2  so4_a1  so4_a3  so4_a2  so4_a1  so4_a3     0.00000000       0.00000000       0.00000000       0.00000000       0.00000000       0.00000000     T T T T T T   1.00000000E+09
 mapper:           59 no3_a03           6 so4_a2  so4_a1  so4_a3  so4_a2  so4_a1  so4_a3     0.00000000       0.00000000       0.00000000       0.00000000       0.00000000       0.00000000     T T T T T T   1.00000000E+09
 mapper:           60 no3_a04           6 so4_a2  so4_a1  so4_a3  so4_a2  so4_a1  so4_a3     0.00000000       0.00000000       0.00000000       0.00000000       0.00000000       0.00000000     T T T T T T   1.00000000E+09
 mapper:           61 na_a01           6 ncl_a2  ncl_a1  ncl_a3  ncl_a2  ncl_a1  ncl_a3    0.295399994       3.70000000E-03   0.00000000       9.35000032E-02   4.41999994E-02   0.00000000     T T T T T T   1.00000000E+09
 mapper:           62 na_a02           6 ncl_a2  ncl_a1  ncl_a3  ncl_a2  ncl_a1  ncl_a3     4.49999981E-03  0.150900006       0.00000000       0.00000000      0.148800001       0.00000000     T T T T T T   1.00000000E+09
 mapper:           63 na_a03           6 ncl_a2  ncl_a1  ncl_a3  ncl_a2  ncl_a1  ncl_a3     0.00000000       4.23999988E-02   2.40000011E-03   0.00000000       3.40000005E-03   3.66999991E-02 T T T T T T   1.00000000E+09
 mapper:           64 na_a04           6 ncl_a2  ncl_a1  ncl_a3  ncl_a2  ncl_a1  ncl_a3     0.00000000       0.00000000      0.158199996       0.00000000       0.00000000      0.195999995     T T T T T T   1.00000000E+09
 mapper:           65 cl_a01           6 ncl_a2  ncl_a1  ncl_a3  ncl_a2  ncl_a1  ncl_a3    0.455500007       5.59999980E-03   0.00000000      0.144099995       6.80999979E-02   0.00000000     T T T T T T   1.00000000E+09
 mapper:           66 cl_a02           6 ncl_a2  ncl_a1  ncl_a3  ncl_a2  ncl_a1  ncl_a3     6.80000009E-03  0.232600003       0.00000000       0.00000000      0.229499996       0.00000000     T T T T T T   1.00000000E+09
 mapper:           67 cl_a03           6 ncl_a2  ncl_a1  ncl_a3  ncl_a2  ncl_a1  ncl_a3     0.00000000       6.53999969E-02   3.70000000E-03   0.00000000       5.49999997E-03   5.66999987E-02 T T T T T T   1.00000000E+09
 mapper:           68 cl_a04           6 ncl_a2  ncl_a1  ncl_a3  ncl_a2  ncl_a1  ncl_a3     0.00000000       9.99999975E-05  0.243900001       0.00000000       0.00000000      0.302300006     T T T T T T   1.00000000E+09
 mapper:           69 oin_a01           6 dst_a2  dst_a1  dst_a3  dst_a2  dst_a1  dst_a3    0.750999987       9.30000003E-03   0.00000000      0.237599999      0.112300001       0.00000000     T T T T T T   1.00000000E+09
 mapper:           70 oin_a02           6 dst_a2  dst_a1  dst_a3  dst_a2  dst_a1  dst_a3     1.13000004E-02  0.383500010       0.00000000       9.99999975E-05  0.378300011       1.99999995E-04 T T T T T T   1.00000000E+09
 mapper:           71 oin_a03           6 dst_a2  dst_a1  dst_a3  dst_a2  dst_a1  dst_a3     0.00000000      0.107699998       6.09999988E-03   0.00000000       8.70000012E-03   9.34000015E-02 T T T T T T   1.00000000E+09
 mapper:           72 oin_a04           6 dst_a2  dst_a1  dst_a3  dst_a2  dst_a1  dst_a3     0.00000000       1.99999995E-04  0.402000010       0.00000000       0.00000000      0.498299986     T T T T T T   1.00000000E+09
 mapper:           73 num_a01           6 num_a2  num_a1  num_a3  num_a2  num_a1  num_a3    0.950200021      0.250900000       0.00000000       4.94000018E-02  0.462599993       0.00000000     T T T T T T   1.00000000    
 mapper:           74 num_a02           6 num_a2  num_a1  num_a3  num_a2  num_a1  num_a3     3.99999990E-04  0.246999994       6.99999975E-04   0.00000000       3.77000012E-02   2.31999997E-02 T T T T T T   1.00000000    
 mapper:           75 num_a03           6 num_a2  num_a1  num_a3  num_a2  num_a1  num_a3     0.00000000       1.59999996E-03  0.188600004       0.00000000       0.00000000      0.437200010     T T T T T T   1.00000000    
 mapper:           76 num_a04           6 num_a2  num_a1  num_a3  num_a2  num_a1  num_a3     0.00000000       0.00000000      0.293500006       0.00000000       0.00000000       5.66000007E-02 T T T T T T   1.00000000    
 main: nspec =           76
 Opened /pierce-scratch/kbilsbac/wrf_chem/WRF_GoAmazon_natcom/run/wrfinput_d01
  
 wrf times in /pierce-scratch/kbilsbac/wrf_chem/WRF_GoAmazon_natcom/run/wrfinput_d01
           1    20140310           0
 Opened /pierce-scratch/kbilsbac/wrf_chem/WRF_GoAmazon_natcom/run/wrfbdy_d01
 read_wrf_times: delta_secs =        21600
  
 wrf times in /pierce-scratch/kbilsbac/wrf_chem/WRF_GoAmazon_natcom/run/wrfbdy_d01
           1    20140310           0
           2    20140310       21600
           3    20140310       43200
           4    20140310       64800
           5    20140311           0
           6    20140311       21600
           7    20140311       43200
           8    20140311       64800
           9    20140312           0
          10    20140312       21600
          11    20140312       43200
          12    20140312       64800
          13    20140313           0
          14    20140313       21600
          15    20140313       43200
          16    20140313       64800
          17    20140314           0
          18    20140314       21600
          19    20140314       43200
          20    20140314       64800
          21    20140315           0
          22    20140315       21600
          23    20140315       43200
          24    20140315       64800
          25    20140316           0
          26    20140316       21600
          27    20140316       43200
          28    20140316       64800
          29    20140317           0
          30    20140317       21600
          31    20140317       43200
          32    20140317       64800
          33    20140318           0
 init_wrfchem: MAP_PROJ = MERCATOR
 init_wrfchem: CEN_LON =   -59.9910011    
 init_wrfchem: CEN_LAT =   -3.14900970    
 init_wrfchem: STAND_LON =   -59.9910011    
 init_wrfchem: TRUELAT1 =   -3.14899993    
 init_wrfchem: TRUELAT2 =    0.00000000    
 init_wrfchem: DX =    10000.0000    
 finished init_wrfchem_lib
 main_bc_wrfchem: read p_top
 main_bc_wrfchem: read eta values on half (mass) levels
 main_bc_wrfchem: read wrf longitues and latitudes
 init_mozart_lib: opened /pierce-scratch/kbilsbac/wrf_chem/WRF_GoAmazon_mpi/run/camchem-20210426200007772056.nc
 checking wrf variable co
 len CO =            2
 checking wrf variable acet
 len CH3COCH3 =            8
 checking wrf variable alk3
 len BIGALK =            6
 checking wrf variable alk4
 len BIGALK =            6
 checking wrf variable alk5
 len BIGALK =            6
 checking wrf variable aro1
 len TOLUENE =            7
 checking wrf variable aro2
 len TOLUENE =            7
 checking wrf variable c2h2
 len C2H2 =            4
 checking wrf variable c2h6
 len C2H6 =            4
 checking wrf variable c3h6
 len C3H6 =            4
 checking wrf variable c3h8
 len C3H8 =            4
 checking wrf variable cco_oh
 len CH3COOH =            7
 checking wrf variable cooh
 len CH3OOH =            6
 checking wrf variable ch4
 len CH4 =            3
 checking wrf variable ccho
 len CH3CHO =            6
 checking wrf variable cres
 len CRESOL =            6
 checking wrf variable ethene
 len C2H4 =            4
 checking wrf variable etoh
 len C2H5OH =            6
 checking wrf variable gly
 len GLYOXAL =            7
 checking wrf variable h2o2
 len H2O2 =            4
 checking wrf variable n2o5
 len N2O5 =            4
 checking wrf variable hcho
 len CH2O =            4
 checking wrf variable hcooh
 len HCOOH =            5
 checking wrf variable hno3
 len HNO3 =            4
 checking wrf variable isoprod
 len MVK =            3
 len MACR =            4
 checking wrf variable isoprene
 len ISOP =            4
 checking wrf variable mek
 len MEK =            3
 checking wrf variable meoh
 len CH3OH =            5
 checking wrf variable methacro
 len MACR =            4
 checking wrf variable mvk
 len MVK =            3
 checking wrf variable mgly
 len CH3COCHO =            8
 checking wrf variable nh3
 len NH3 =            3
 checking wrf variable no
 len NO =            2
 checking wrf variable no2
 len NO2 =            3
 checking wrf variable o3
 len O3 =            2
 checking wrf variable ole1
 len C3H6 =            4
 checking wrf variable ole2
 len BIGENE =            6
 checking wrf variable pan
 len PAN =            3
 checking wrf variable so2
 len SO2 =            3
 checking wrf variable terp
 len MTERP =            5
 checking wrf variable oc_a01
 len pom_a1 =            6
 len pom_a4 =            6
 len soa1_a2 =            7
 len soa1_a1 =            7
 len soa2_a2 =            7
 len soa2_a1 =            7
 len soa3_a2 =            7
 len soa3_a1 =            7
 len soa4_a2 =            7
 len soa4_a1 =            7
 len soa5_a2 =            7
 len soa5_a1 =            7
 len pom_a1 =            6
 len pom_a4 =            6
 len soa1_a2 =            7
 len soa1_a1 =            7
 len soa2_a2 =            7
 len soa2_a1 =            7
 len soa3_a2 =            7
 len soa3_a1 =            7
 len soa4_a2 =            7
 len soa4_a1 =            7
 len soa5_a2 =            7
 len soa5_a1 =            7
 checking wrf variable oc_a02
 len pom_a1 =            6
 len pom_a4 =            6
 len soa1_a2 =            7
 len soa1_a1 =            7
 len soa2_a2 =            7
 len soa2_a1 =            7
 len soa3_a2 =            7
 len soa3_a1 =            7
 len soa4_a2 =            7
 len soa4_a1 =            7
 len soa5_a2 =            7
 len soa5_a1 =            7
 len pom_a1 =            6
 len pom_a4 =            6
 len soa1_a2 =            7
 len soa1_a1 =            7
 len soa2_a2 =            7
 len soa2_a1 =            7
 len soa3_a2 =            7
 len soa3_a1 =            7
 len soa4_a2 =            7
 len soa4_a1 =            7
 len soa5_a2 =            7
 len soa5_a1 =            7
 checking wrf variable oc_a03
 len pom_a1 =            6
 len pom_a4 =            6
 len soa1_a2 =            7
 len soa1_a1 =            7
 len soa2_a2 =            7
 len soa2_a1 =            7
 len soa3_a2 =            7
 len soa3_a1 =            7
 len soa4_a2 =            7
 len soa4_a1 =            7
 len soa5_a2 =            7
 len soa5_a1 =            7
 len pom_a1 =            6
 len pom_a4 =            6
 len soa1_a2 =            7
 len soa1_a1 =            7
 len soa2_a2 =            7
 len soa2_a1 =            7
 len soa3_a2 =            7
 len soa3_a1 =            7
 len soa4_a2 =            7
 len soa4_a1 =            7
 len soa5_a2 =            7
 len soa5_a1 =            7
 checking wrf variable oc_a04
 len pom_a1 =            6
 len pom_a4 =            6
 len soa1_a2 =            7
 len soa1_a1 =            7
 len soa2_a2 =            7
 len soa2_a1 =            7
 len soa3_a2 =            7
 len soa3_a1 =            7
 len soa4_a2 =            7
 len soa4_a1 =            7
 len soa5_a2 =            7
 len soa5_a1 =            7
 len pom_a1 =            6
 len pom_a4 =            6
 len soa1_a2 =            7
 len soa1_a1 =            7
 len soa2_a2 =            7
 len soa2_a1 =            7
 len soa3_a2 =            7
 len soa3_a1 =            7
 len soa4_a2 =            7
 len soa4_a1 =            7
 len soa5_a2 =            7
 len soa5_a1 =            7
 checking wrf variable bc_a01
 len bc_a1 =            5
 len bc_a4 =            5
 len bc_a1 =            5
 len bc_a4 =            5
 checking wrf variable bc_a02
 len bc_a1 =            5
 len bc_a4 =            5
 len bc_a1 =            5
 len bc_a4 =            5
 checking wrf variable bc_a03
 len bc_a1 =            5
 len bc_a4 =            5
 len bc_a1 =            5
 len bc_a4 =            5
 checking wrf variable bc_a04
 len bc_a1 =            5
 len bc_a4 =            5
 len bc_a1 =            5
 len bc_a4 =            5
 checking wrf variable so4_a01
 len so4_a2 =            6
 len so4_a1 =            6
 len so4_a3 =            6
 len so4_a2 =            6
 len so4_a1 =            6
 len so4_a3 =            6
 checking wrf variable so4_a02
 len so4_a2 =            6
 len so4_a1 =            6
 len so4_a3 =            6
 len so4_a2 =            6
 len so4_a1 =            6
 len so4_a3 =            6
 checking wrf variable so4_a03
 len so4_a2 =            6
 len so4_a1 =            6
 len so4_a3 =            6
 len so4_a2 =            6
 len so4_a1 =            6
 len so4_a3 =            6
 checking wrf variable so4_a04
 len so4_a2 =            6
 len so4_a1 =            6
 len so4_a3 =            6
 len so4_a2 =            6
 len so4_a1 =            6
 len so4_a3 =            6
 checking wrf variable nh4_a01
 len so4_a2 =            6
 len so4_a1 =            6
 len so4_a3 =            6
 len so4_a2 =            6
 len so4_a1 =            6
 len so4_a3 =            6
 checking wrf variable nh4_a02
 len so4_a2 =            6
 len so4_a1 =            6
 len so4_a3 =            6
 len so4_a2 =            6
 len so4_a1 =            6
 len so4_a3 =            6
 checking wrf variable nh4_a03
 len so4_a2 =            6
 len so4_a1 =            6
 len so4_a3 =            6
 len so4_a2 =            6
 len so4_a1 =            6
 len so4_a3 =            6
 checking wrf variable nh4_a04
 len so4_a2 =            6
 len so4_a1 =            6
 len so4_a3 =            6
 len so4_a2 =            6
 len so4_a1 =            6
 len so4_a3 =            6
 checking wrf variable no3_a01
 len so4_a2 =            6
 len so4_a1 =            6
 len so4_a3 =            6
 len so4_a2 =            6
 len so4_a1 =            6
 len so4_a3 =            6
 checking wrf variable no3_a02
 len so4_a2 =            6
 len so4_a1 =            6
 len so4_a3 =            6
 len so4_a2 =            6
 len so4_a1 =            6
 len so4_a3 =            6
 checking wrf variable no3_a03
 len so4_a2 =            6
 len so4_a1 =            6
 len so4_a3 =            6
 len so4_a2 =            6
 len so4_a1 =            6
 len so4_a3 =            6
 checking wrf variable no3_a04
 len so4_a2 =            6
 len so4_a1 =            6
 len so4_a3 =            6
 len so4_a2 =            6
 len so4_a1 =            6
 len so4_a3 =            6
 checking wrf variable na_a01
 len ncl_a2 =            6
 len ncl_a1 =            6
 len ncl_a3 =            6
 len ncl_a2 =            6
 len ncl_a1 =            6
 len ncl_a3 =            6
 checking wrf variable na_a02
 len ncl_a2 =            6
 len ncl_a1 =            6
 len ncl_a3 =            6
 len ncl_a2 =            6
 len ncl_a1 =            6
 len ncl_a3 =            6
 checking wrf variable na_a03
 len ncl_a2 =            6
 len ncl_a1 =            6
 len ncl_a3 =            6
 len ncl_a2 =            6
 len ncl_a1 =            6
 len ncl_a3 =            6
 checking wrf variable na_a04
 len ncl_a2 =            6
 len ncl_a1 =            6
 len ncl_a3 =            6
 len ncl_a2 =            6
 len ncl_a1 =            6
 len ncl_a3 =            6
 checking wrf variable cl_a01
 len ncl_a2 =            6
 len ncl_a1 =            6
 len ncl_a3 =            6
 len ncl_a2 =            6
 len ncl_a1 =            6
 len ncl_a3 =            6
 checking wrf variable cl_a02
 len ncl_a2 =            6
 len ncl_a1 =            6
 len ncl_a3 =            6
 len ncl_a2 =            6
 len ncl_a1 =            6
 len ncl_a3 =            6
 checking wrf variable cl_a03
 len ncl_a2 =            6
 len ncl_a1 =            6
 len ncl_a3 =            6
 len ncl_a2 =            6
 len ncl_a1 =            6
 len ncl_a3 =            6
 checking wrf variable cl_a04
 len ncl_a2 =            6
 len ncl_a1 =            6
 len ncl_a3 =            6
 len ncl_a2 =            6
 len ncl_a1 =            6
 len ncl_a3 =            6
 checking wrf variable oin_a01
 len dst_a2 =            6
 len dst_a1 =            6
 len dst_a3 =            6
 len dst_a2 =            6
 len dst_a1 =            6
 len dst_a3 =            6
 checking wrf variable oin_a02
 len dst_a2 =            6
 len dst_a1 =            6
 len dst_a3 =            6
 len dst_a2 =            6
 len dst_a1 =            6
 len dst_a3 =            6
 checking wrf variable oin_a03
 len dst_a2 =            6
 len dst_a1 =            6
 len dst_a3 =            6
 len dst_a2 =            6
 len dst_a1 =            6
 len dst_a3 =            6
 checking wrf variable oin_a04
 len dst_a2 =            6
 len dst_a1 =            6
 len dst_a3 =            6
 len dst_a2 =            6
 len dst_a1 =            6
 len dst_a3 =            6
 checking wrf variable num_a01
 len num_a2 =            6
 len num_a1 =            6
 len num_a3 =            6
 len num_a2 =            6
 len num_a1 =            6
 len num_a3 =            6
 checking wrf variable num_a02
 len num_a2 =            6
 len num_a1 =            6
 len num_a3 =            6
 len num_a2 =            6
 len num_a1 =            6
 len num_a3 =            6
 checking wrf variable num_a03
 len num_a2 =            6
 len num_a1 =            6
 len num_a3 =            6
 len num_a2 =            6
 len num_a1 =            6
 len num_a3 =            6
 checking wrf variable num_a04
 len num_a2 =            6
 len num_a1 =            6
 len num_a3 =            6
 len num_a2 =            6
 len num_a1 =            6
 len num_a3 =            6
 finished init_mozart_lib
 dt_wrfbdy =    21600.0000    
 main; doing time     20140310  :            0
  
 get_moz_time_ndx; moz_dir,moz_fn = /pierce-scratch/kbilsbac/wrf_chem/WRF_GoAmazon_mpi/run/camchem-20210426200007772056.nc
 get_moz_time_ndx; wrf_date,wrf_datesec,ntime_m =     20140310           0          33
 get_moz_time_ndx; moz_tndx =            1
 wrf_ps: Opened /pierce-scratch/kbilsbac/wrf_chem/WRF_GoAmazon_natcom/run/met_em.d01.2014-03-10_00:00:00.nc
 main: setting initial condition for co
 main: setting boundary condition for co
 main: setting initial condition for acet
 main: setting boundary condition for acet
 main: setting initial condition for alk3
 main: setting boundary condition for alk3
 main: setting initial condition for alk4
 main: setting boundary condition for alk4
 main: setting initial condition for alk5
 main: setting boundary condition for alk5
 main: setting initial condition for aro1
 main: setting boundary condition for aro1
 main: setting initial condition for aro2
 main: setting boundary condition for aro2
 main: setting initial condition for c2h2
 main: setting boundary condition for c2h2
 main: setting initial condition for c2h6
 main: setting boundary condition for c2h6
 main: setting initial condition for c3h6
 main: setting boundary condition for c3h6
 main: setting initial condition for c3h8
 main: setting boundary condition for c3h8
 main: setting initial condition for cco_oh
 main: setting boundary condition for cco_oh
 main: setting initial condition for cooh
 main: setting boundary condition for cooh
 main: setting initial condition for ch4
 main: setting boundary condition for ch4
 main: setting initial condition for ccho
 main: setting boundary condition for ccho
 main: setting initial condition for cres
 main: setting boundary condition for cres
 main: setting initial condition for ethene
 main: setting boundary condition for ethene
 main: setting initial condition for etoh
 main: setting boundary condition for etoh
 main: setting initial condition for gly
 main: setting boundary condition for gly
 main: setting initial condition for h2o2
 main: setting boundary condition for h2o2
 main: setting initial condition for n2o5
 main: setting boundary condition for n2o5
 main: setting initial condition for hcho
 main: setting boundary condition for hcho
 main: setting initial condition for hcooh
 main: setting boundary condition for hcooh
 main: setting initial condition for hno3
 main: setting boundary condition for hno3
 main: setting initial condition for isoprod
 main: setting boundary condition for isoprod
 main: setting initial condition for isoprene
 main: setting boundary condition for isoprene
 main: setting initial condition for mek
 main: setting boundary condition for mek
 main: setting initial condition for meoh
 main: setting boundary condition for meoh
 main: setting initial condition for methacro
 main: setting boundary condition for methacro
 main: setting initial condition for mvk
 main: setting boundary condition for mvk
 main: setting initial condition for mgly
 main: setting boundary condition for mgly
 main: setting initial condition for nh3
 main: setting boundary condition for nh3
 main: setting initial condition for no
 main: setting boundary condition for no
 main: setting initial condition for no2
 main: setting boundary condition for no2
 main: setting initial condition for o3
 main: setting boundary condition for o3
 main: setting initial condition for ole1
 main: setting boundary condition for ole1
 main: setting initial condition for ole2
 main: setting boundary condition for ole2
 main: setting initial condition for pan
 main: setting boundary condition for pan
 main: setting initial condition for so2
 main: setting boundary condition for so2
 main: setting initial condition for terp
 main: setting boundary condition for terp
 main: setting initial condition for oc_a01
 main: setting boundary condition for oc_a01
 main: setting initial condition for oc_a02
 main: setting boundary condition for oc_a02
 main: setting initial condition for oc_a03
 main: setting boundary condition for oc_a03
 main: setting initial condition for oc_a04
 main: setting boundary condition for oc_a04
 main: setting initial condition for bc_a01
 main: setting boundary condition for bc_a01
 main: setting initial condition for bc_a02
 main: setting boundary condition for bc_a02
 main: setting initial condition for bc_a03
 main: setting boundary condition for bc_a03
 main: setting initial condition for bc_a04
 main: setting boundary condition for bc_a04
 main: setting initial condition for so4_a01
 main: setting boundary condition for so4_a01
 main: setting initial condition for so4_a02
 main: setting boundary condition for so4_a02
 main: setting initial condition for so4_a03
 main: setting boundary condition for so4_a03
 main: setting initial condition for so4_a04
 main: setting boundary condition for so4_a04
 main: setting initial condition for nh4_a01
 main: setting boundary condition for nh4_a01
 main: setting initial condition for nh4_a02
 main: setting boundary condition for nh4_a02
 main: setting initial condition for nh4_a03
 main: setting boundary condition for nh4_a03
 main: setting initial condition for nh4_a04
 main: setting boundary condition for nh4_a04
 main: setting initial condition for no3_a01
 main: setting boundary condition for no3_a01
 main: setting initial condition for no3_a02
 main: setting boundary condition for no3_a02
 main: setting initial condition for no3_a03
 main: setting boundary condition for no3_a03
 main: setting initial condition for no3_a04
 main: setting boundary condition for no3_a04
 main: setting initial condition for na_a01
 main: setting boundary condition for na_a01
 main: setting initial condition for na_a02
 main: setting boundary condition for na_a02
 main: setting initial condition for na_a03
 main: setting boundary condition for na_a03
 main: setting initial condition for na_a04
 main: setting boundary condition for na_a04
 main: setting initial condition for cl_a01
 main: setting boundary condition for cl_a01
 main: setting initial condition for cl_a02
 main: setting boundary condition for cl_a02
 main: setting initial condition for cl_a03
 main: setting boundary condition for cl_a03
 main: setting initial condition for cl_a04
 main: setting boundary condition for cl_a04
 main: setting initial condition for oin_a01
 main: setting boundary condition for oin_a01
 main: setting initial condition for oin_a02
 main: setting boundary condition for oin_a02
 main: setting initial condition for oin_a03
 main: setting boundary condition for oin_a03
 main: setting initial condition for oin_a04
 main: setting boundary condition for oin_a04
 main: setting initial condition for num_a01
 main: setting boundary condition for num_a01
 main: setting initial condition for num_a02
 main: setting boundary condition for num_a02
 main: setting initial condition for num_a03
 main: setting boundary condition for num_a03
 main: setting initial condition for num_a04
 main: setting boundary condition for num_a04
 main; doing time     20140310  :        21600
  
 get_moz_time_ndx; moz_dir,moz_fn = /pierce-scratch/kbilsbac/wrf_chem/WRF_GoAmazon_mpi/run/camchem-20210426200007772056.nc
 get_moz_time_ndx; wrf_date,wrf_datesec,ntime_m =     20140310       21600          33
 get_moz_time_ndx; moz_tndx =            2
 wrf_ps: Opened /pierce-scratch/kbilsbac/wrf_chem/WRF_GoAmazon_natcom/run/met_em.d01.2014-03-10_06:00:00.nc
 main: setting boundary condition for co
 main: setting boundary condition for acet
 main: setting boundary condition for alk3
 main: setting boundary condition for alk4
 main: setting boundary condition for alk5
 main: setting boundary condition for aro1
 main: setting boundary condition for aro2
 main: setting boundary condition for c2h2
 main: setting boundary condition for c2h6
 main: setting boundary condition for c3h6
 main: setting boundary condition for c3h8
 main: setting boundary condition for cco_oh
 main: setting boundary condition for cooh
 main: setting boundary condition for ch4
 main: setting boundary condition for ccho
 main: setting boundary condition for cres
 main: setting boundary condition for ethene
 main: setting boundary condition for etoh
 main: setting boundary condition for gly
 main: setting boundary condition for h2o2
 main: setting boundary condition for n2o5
 main: setting boundary condition for hcho
 main: setting boundary condition for hcooh
 main: setting boundary condition for hno3
 main: setting boundary condition for isoprod
 main: setting boundary condition for isoprene
 main: setting boundary condition for mek
 main: setting boundary condition for meoh
 main: setting boundary condition for methacro
 main: setting boundary condition for mvk
 main: setting boundary condition for mgly
 main: setting boundary condition for nh3
 main: setting boundary condition for no
 main: setting boundary condition for no2
 main: setting boundary condition for o3
 main: setting boundary condition for ole1
 main: setting boundary condition for ole2
 main: setting boundary condition for pan
 main: setting boundary condition for so2
 main: setting boundary condition for terp
 main: setting boundary condition for oc_a01
 main: setting boundary condition for oc_a02
 main: setting boundary condition for oc_a03
 main: setting boundary condition for oc_a04
 main: setting boundary condition for bc_a01
 main: setting boundary condition for bc_a02
 main: setting boundary condition for bc_a03
 main: setting boundary condition for bc_a04
 main: setting boundary condition for so4_a01
 main: setting boundary condition for so4_a02
 main: setting boundary condition for so4_a03
 main: setting boundary condition for so4_a04
 main: setting boundary condition for nh4_a01
 main: setting boundary condition for nh4_a02
 main: setting boundary condition for nh4_a03
 main: setting boundary condition for nh4_a04
 main: setting boundary condition for no3_a01
 main: setting boundary condition for no3_a02
 main: setting boundary condition for no3_a03
 main: setting boundary condition for no3_a04
 main: setting boundary condition for na_a01
 main: setting boundary condition for na_a02
 main: setting boundary condition for na_a03
 main: setting boundary condition for na_a04
 main: setting boundary condition for cl_a01
 main: setting boundary condition for cl_a02
 main: setting boundary condition for cl_a03
 main: setting boundary condition for cl_a04
 main: setting boundary condition for oin_a01
 main: setting boundary condition for oin_a02
 main: setting boundary condition for oin_a03
 main: setting boundary condition for oin_a04
 main: setting boundary condition for num_a01
 main: setting boundary condition for num_a02
 main: setting boundary condition for num_a03
 main: setting boundary condition for num_a04
 main; doing time     20140310  :        43200
  
 get_moz_time_ndx; moz_dir,moz_fn = /pierce-scratch/kbilsbac/wrf_chem/WRF_GoAmazon_mpi/run/camchem-20210426200007772056.nc
 get_moz_time_ndx; wrf_date,wrf_datesec,ntime_m =     20140310       43200          33
 get_moz_time_ndx; moz_tndx =            3
 wrf_ps: Opened /pierce-scratch/kbilsbac/wrf_chem/WRF_GoAmazon_natcom/run/met_em.d01.2014-03-10_12:00:00.nc
 main: setting boundary condition for co
 main: setting boundary condition for acet
 main: setting boundary condition for alk3
 main: setting boundary condition for alk4
 main: setting boundary condition for alk5
 main: setting boundary condition for aro1
 main: setting boundary condition for aro2
 main: setting boundary condition for c2h2
 main: setting boundary condition for c2h6
 main: setting boundary condition for c3h6
 main: setting boundary condition for c3h8
 main: setting boundary condition for cco_oh
 main: setting boundary condition for cooh
 main: setting boundary condition for ch4
 main: setting boundary condition for ccho
 main: setting boundary condition for cres
 main: setting boundary condition for ethene
 main: setting boundary condition for etoh
 main: setting boundary condition for gly
 main: setting boundary condition for h2o2
 main: setting boundary condition for n2o5
 main: setting boundary condition for hcho
 main: setting boundary condition for hcooh
 main: setting boundary condition for hno3
 main: setting boundary condition for isoprod
 main: setting boundary condition for isoprene
 main: setting boundary condition for mek
 main: setting boundary condition for meoh
 main: setting boundary condition for methacro
 main: setting boundary condition for mvk
 main: setting boundary condition for mgly
 main: setting boundary condition for nh3
 main: setting boundary condition for no
 main: setting boundary condition for no2
 main: setting boundary condition for o3
 main: setting boundary condition for ole1
 main: setting boundary condition for ole2
 main: setting boundary condition for pan
 main: setting boundary condition for so2
 main: setting boundary condition for terp
 main: setting boundary condition for oc_a01
 main: setting boundary condition for oc_a02
 main: setting boundary condition for oc_a03
 main: setting boundary condition for oc_a04
 main: setting boundary condition for bc_a01
 main: setting boundary condition for bc_a02
 main: setting boundary condition for bc_a03
 main: setting boundary condition for bc_a04
 main: setting boundary condition for so4_a01
 main: setting boundary condition for so4_a02
 main: setting boundary condition for so4_a03
 main: setting boundary condition for so4_a04
 main: setting boundary condition for nh4_a01
 main: setting boundary condition for nh4_a02
 main: setting boundary condition for nh4_a03
 main: setting boundary condition for nh4_a04
 main: setting boundary condition for no3_a01
 main: setting boundary condition for no3_a02
 main: setting boundary condition for no3_a03
 main: setting boundary condition for no3_a04
 main: setting boundary condition for na_a01
 main: setting boundary condition for na_a02
 main: setting boundary condition for na_a03
 main: setting boundary condition for na_a04
 main: setting boundary condition for cl_a01
 main: setting boundary condition for cl_a02
 main: setting boundary condition for cl_a03
 main: setting boundary condition for cl_a04
 main: setting boundary condition for oin_a01
 main: setting boundary condition for oin_a02
 main: setting boundary condition for oin_a03
 main: setting boundary condition for oin_a04
 main: setting boundary condition for num_a01
 main: setting boundary condition for num_a02
 main: setting boundary condition for num_a03
 main: setting boundary condition for num_a04
 main; doing time     20140310  :        64800
  
 get_moz_time_ndx; moz_dir,moz_fn = /pierce-scratch/kbilsbac/wrf_chem/WRF_GoAmazon_mpi/run/camchem-20210426200007772056.nc
 get_moz_time_ndx; wrf_date,wrf_datesec,ntime_m =     20140310       64800          33
 get_moz_time_ndx; moz_tndx =            4
 wrf_ps: Opened /pierce-scratch/kbilsbac/wrf_chem/WRF_GoAmazon_natcom/run/met_em.d01.2014-03-10_18:00:00.nc
 main: setting boundary condition for co
 main: setting boundary condition for acet
 main: setting boundary condition for alk3
 main: setting boundary condition for alk4
 main: setting boundary condition for alk5
 main: setting boundary condition for aro1
 main: setting boundary condition for aro2
 main: setting boundary condition for c2h2
 main: setting boundary condition for c2h6
 main: setting boundary condition for c3h6
 main: setting boundary condition for c3h8
 main: setting boundary condition for cco_oh
 main: setting boundary condition for cooh
 main: setting boundary condition for ch4
 main: setting boundary condition for ccho
 main: setting boundary condition for cres
 main: setting boundary condition for ethene
 main: setting boundary condition for etoh
 main: setting boundary condition for gly
 main: setting boundary condition for h2o2
 main: setting boundary condition for n2o5
 main: setting boundary condition for hcho
 main: setting boundary condition for hcooh
 main: setting boundary condition for hno3
 main: setting boundary condition for isoprod
 main: setting boundary condition for isoprene
 main: setting boundary condition for mek
 main: setting boundary condition for meoh
 main: setting boundary condition for methacro
 main: setting boundary condition for mvk
 main: setting boundary condition for mgly
 main: setting boundary condition for nh3
 main: setting boundary condition for no
 main: setting boundary condition for no2
 main: setting boundary condition for o3
 main: setting boundary condition for ole1
 main: setting boundary condition for ole2
 main: setting boundary condition for pan
 main: setting boundary condition for so2
 main: setting boundary condition for terp
 main: setting boundary condition for oc_a01
 main: setting boundary condition for oc_a02
 main: setting boundary condition for oc_a03
 main: setting boundary condition for oc_a04
 main: setting boundary condition for bc_a01
 main: setting boundary condition for bc_a02
 main: setting boundary condition for bc_a03
 main: setting boundary condition for bc_a04
 main: setting boundary condition for so4_a01
 main: setting boundary condition for so4_a02
 main: setting boundary condition for so4_a03
 main: setting boundary condition for so4_a04
 main: setting boundary condition for nh4_a01
 main: setting boundary condition for nh4_a02
 main: setting boundary condition for nh4_a03
 main: setting boundary condition for nh4_a04
 main: setting boundary condition for no3_a01
 main: setting boundary condition for no3_a02
 main: setting boundary condition for no3_a03
 main: setting boundary condition for no3_a04
 main: setting boundary condition for na_a01
 main: setting boundary condition for na_a02
 main: setting boundary condition for na_a03
 main: setting boundary condition for na_a04
 main: setting boundary condition for cl_a01
 main: setting boundary condition for cl_a02
 main: setting boundary condition for cl_a03
 main: setting boundary condition for cl_a04
 main: setting boundary condition for oin_a01
 main: setting boundary condition for oin_a02
 main: setting boundary condition for oin_a03
 main: setting boundary condition for oin_a04
 main: setting boundary condition for num_a01
 main: setting boundary condition for num_a02
 main: setting boundary condition for num_a03
 main: setting boundary condition for num_a04
 main; doing time     20140311  :            0
  
 get_moz_time_ndx; moz_dir,moz_fn = /pierce-scratch/kbilsbac/wrf_chem/WRF_GoAmazon_mpi/run/camchem-20210426200007772056.nc
 get_moz_time_ndx; wrf_date,wrf_datesec,ntime_m =     20140311           0          33
 get_moz_time_ndx; moz_tndx =            5
 wrf_ps: Opened /pierce-scratch/kbilsbac/wrf_chem/WRF_GoAmazon_natcom/run/met_em.d01.2014-03-11_00:00:00.nc
 main: setting boundary condition for co
 main: setting boundary condition for acet
 main: setting boundary condition for alk3
 main: setting boundary condition for alk4
 main: setting boundary condition for alk5
 main: setting boundary condition for aro1
 main: setting boundary condition for aro2
 main: setting boundary condition for c2h2
 main: setting boundary condition for c2h6
 main: setting boundary condition for c3h6
 main: setting boundary condition for c3h8
 main: setting boundary condition for cco_oh
 main: setting boundary condition for cooh
 main: setting boundary condition for ch4
 main: setting boundary condition for ccho
 main: setting boundary condition for cres
 main: setting boundary condition for ethene
 main: setting boundary condition for etoh
 main: setting boundary condition for gly
 main: setting boundary condition for h2o2
 main: setting boundary condition for n2o5
 main: setting boundary condition for hcho
 main: setting boundary condition for hcooh
 main: setting boundary condition for hno3
 main: setting boundary condition for isoprod
 main: setting boundary condition for isoprene
 main: setting boundary condition for mek
 main: setting boundary condition for meoh
 main: setting boundary condition for methacro
 main: setting boundary condition for mvk
 main: setting boundary condition for mgly
 main: setting boundary condition for nh3
 main: setting boundary condition for no
 main: setting boundary condition for no2
 main: setting boundary condition for o3
 main: setting boundary condition for ole1
 main: setting boundary condition for ole2
 main: setting boundary condition for pan
 main: setting boundary condition for so2
 main: setting boundary condition for terp
 main: setting boundary condition for oc_a01
 main: setting boundary condition for oc_a02
 main: setting boundary condition for oc_a03
 main: setting boundary condition for oc_a04
 main: setting boundary condition for bc_a01
 main: setting boundary condition for bc_a02
 main: setting boundary condition for bc_a03
 main: setting boundary condition for bc_a04
 main: setting boundary condition for so4_a01
 main: setting boundary condition for so4_a02
 main: setting boundary condition for so4_a03
 main: setting boundary condition for so4_a04
 main: setting boundary condition for nh4_a01
 main: setting boundary condition for nh4_a02
 main: setting boundary condition for nh4_a03
 main: setting boundary condition for nh4_a04
 main: setting boundary condition for no3_a01
 main: setting boundary condition for no3_a02
 main: setting boundary condition for no3_a03
 main: setting boundary condition for no3_a04
 main: setting boundary condition for na_a01
 main: setting boundary condition for na_a02
 main: setting boundary condition for na_a03
 main: setting boundary condition for na_a04
 main: setting boundary condition for cl_a01
 main: setting boundary condition for cl_a02
 main: setting boundary condition for cl_a03
 main: setting boundary condition for cl_a04
 main: setting boundary condition for oin_a01
 main: setting boundary condition for oin_a02
 main: setting boundary condition for oin_a03
 main: setting boundary condition for oin_a04
 main: setting boundary condition for num_a01
 main: setting boundary condition for num_a02
 main: setting boundary condition for num_a03
 main: setting boundary condition for num_a04
 main; doing time     20140311  :        21600
  
 get_moz_time_ndx; moz_dir,moz_fn = /pierce-scratch/kbilsbac/wrf_chem/WRF_GoAmazon_mpi/run/camchem-20210426200007772056.nc
 get_moz_time_ndx; wrf_date,wrf_datesec,ntime_m =     20140311       21600          33
 get_moz_time_ndx; moz_tndx =            6
 wrf_ps: Opened /pierce-scratch/kbilsbac/wrf_chem/WRF_GoAmazon_natcom/run/met_em.d01.2014-03-11_06:00:00.nc
 main: setting boundary condition for co
 main: setting boundary condition for acet
 main: setting boundary condition for alk3
 main: setting boundary condition for alk4
 main: setting boundary condition for alk5
 main: setting boundary condition for aro1
 main: setting boundary condition for aro2
 main: setting boundary condition for c2h2
 main: setting boundary condition for c2h6
 main: setting boundary condition for c3h6
 main: setting boundary condition for c3h8
 main: setting boundary condition for cco_oh
 main: setting boundary condition for cooh
 main: setting boundary condition for ch4
 main: setting boundary condition for ccho
 main: setting boundary condition for cres
 main: setting boundary condition for ethene
 main: setting boundary condition for etoh
 main: setting boundary condition for gly
 main: setting boundary condition for h2o2
 main: setting boundary condition for n2o5
 main: setting boundary condition for hcho
 main: setting boundary condition for hcooh
 main: setting boundary condition for hno3
 main: setting boundary condition for isoprod
 main: setting boundary condition for isoprene
 main: setting boundary condition for mek
 main: setting boundary condition for meoh
 main: setting boundary condition for methacro
 main: setting boundary condition for mvk
 main: setting boundary condition for mgly
 main: setting boundary condition for nh3
 main: setting boundary condition for no
 main: setting boundary condition for no2
 main: setting boundary condition for o3
 main: setting boundary condition for ole1
 main: setting boundary condition for ole2
 main: setting boundary condition for pan
 main: setting boundary condition for so2
 main: setting boundary condition for terp
 main: setting boundary condition for oc_a01
 main: setting boundary condition for oc_a02
 main: setting boundary condition for oc_a03
 main: setting boundary condition for oc_a04
 main: setting boundary condition for bc_a01
 main: setting boundary condition for bc_a02
 main: setting boundary condition for bc_a03
 main: setting boundary condition for bc_a04
 main: setting boundary condition for so4_a01
 main: setting boundary condition for so4_a02
 main: setting boundary condition for so4_a03
 main: setting boundary condition for so4_a04
 main: setting boundary condition for nh4_a01
 main: setting boundary condition for nh4_a02
 main: setting boundary condition for nh4_a03
 main: setting boundary condition for nh4_a04
 main: setting boundary condition for no3_a01
 main: setting boundary condition for no3_a02
 main: setting boundary condition for no3_a03
 main: setting boundary condition for no3_a04
 main: setting boundary condition for na_a01
 main: setting boundary condition for na_a02
 main: setting boundary condition for na_a03
 main: setting boundary condition for na_a04
 main: setting boundary condition for cl_a01
 main: setting boundary condition for cl_a02
 main: setting boundary condition for cl_a03
 main: setting boundary condition for cl_a04
 main: setting boundary condition for oin_a01
 main: setting boundary condition for oin_a02
 main: setting boundary condition for oin_a03
 main: setting boundary condition for oin_a04
 main: setting boundary condition for num_a01
 main: setting boundary condition for num_a02
 main: setting boundary condition for num_a03
 main: setting boundary condition for num_a04
 main; doing time     20140311  :        43200
  
 get_moz_time_ndx; moz_dir,moz_fn = /pierce-scratch/kbilsbac/wrf_chem/WRF_GoAmazon_mpi/run/camchem-20210426200007772056.nc
 get_moz_time_ndx; wrf_date,wrf_datesec,ntime_m =     20140311       43200          33
 get_moz_time_ndx; moz_tndx =            7
 wrf_ps: Opened /pierce-scratch/kbilsbac/wrf_chem/WRF_GoAmazon_natcom/run/met_em.d01.2014-03-11_12:00:00.nc
 main: setting boundary condition for co
 main: setting boundary condition for acet
 main: setting boundary condition for alk3
 main: setting boundary condition for alk4
 main: setting boundary condition for alk5
 main: setting boundary condition for aro1
 main: setting boundary condition for aro2
 main: setting boundary condition for c2h2
 main: setting boundary condition for c2h6
 main: setting boundary condition for c3h6
 main: setting boundary condition for c3h8
 main: setting boundary condition for cco_oh
 main: setting boundary condition for cooh
 main: setting boundary condition for ch4
 main: setting boundary condition for ccho
 main: setting boundary condition for cres
 main: setting boundary condition for ethene
 main: setting boundary condition for etoh
 main: setting boundary condition for gly
 main: setting boundary condition for h2o2
 main: setting boundary condition for n2o5
 main: setting boundary condition for hcho
 main: setting boundary condition for hcooh
 main: setting boundary condition for hno3
 main: setting boundary condition for isoprod
 main: setting boundary condition for isoprene
 main: setting boundary condition for mek
 main: setting boundary condition for meoh
 main: setting boundary condition for methacro
 main: setting boundary condition for mvk
 main: setting boundary condition for mgly
 main: setting boundary condition for nh3
 main: setting boundary condition for no
 main: setting boundary condition for no2
 main: setting boundary condition for o3
 main: setting boundary condition for ole1
 main: setting boundary condition for ole2
 main: setting boundary condition for pan
 main: setting boundary condition for so2
 main: setting boundary condition for terp
 main: setting boundary condition for oc_a01
 main: setting boundary condition for oc_a02
 main: setting boundary condition for oc_a03
 main: setting boundary condition for oc_a04
 main: setting boundary condition for bc_a01
 main: setting boundary condition for bc_a02
 main: setting boundary condition for bc_a03
 main: setting boundary condition for bc_a04
 main: setting boundary condition for so4_a01
 main: setting boundary condition for so4_a02
 main: setting boundary condition for so4_a03
 main: setting boundary condition for so4_a04
 main: setting boundary condition for nh4_a01
 main: setting boundary condition for nh4_a02
 main: setting boundary condition for nh4_a03
 main: setting boundary condition for nh4_a04
 main: setting boundary condition for no3_a01
 main: setting boundary condition for no3_a02
 main: setting boundary condition for no3_a03
 main: setting boundary condition for no3_a04
 main: setting boundary condition for na_a01
 main: setting boundary condition for na_a02
 main: setting boundary condition for na_a03
 main: setting boundary condition for na_a04
 main: setting boundary condition for cl_a01
 main: setting boundary condition for cl_a02
 main: setting boundary condition for cl_a03
 main: setting boundary condition for cl_a04
 main: setting boundary condition for oin_a01
 main: setting boundary condition for oin_a02
 main: setting boundary condition for oin_a03
 main: setting boundary condition for oin_a04
 main: setting boundary condition for num_a01
 main: setting boundary condition for num_a02
 main: setting boundary condition for num_a03
 main: setting boundary condition for num_a04
 main; doing time     20140311  :        64800
  
 get_moz_time_ndx; moz_dir,moz_fn = /pierce-scratch/kbilsbac/wrf_chem/WRF_GoAmazon_mpi/run/camchem-20210426200007772056.nc
 get_moz_time_ndx; wrf_date,wrf_datesec,ntime_m =     20140311       64800          33
 get_moz_time_ndx; moz_tndx =            8
 wrf_ps: Opened /pierce-scratch/kbilsbac/wrf_chem/WRF_GoAmazon_natcom/run/met_em.d01.2014-03-11_18:00:00.nc
 main: setting boundary condition for co
 main: setting boundary condition for acet
 main: setting boundary condition for alk3
 main: setting boundary condition for alk4
 main: setting boundary condition for alk5
 main: setting boundary condition for aro1
 main: setting boundary condition for aro2
 main: setting boundary condition for c2h2
 main: setting boundary condition for c2h6
 main: setting boundary condition for c3h6
 main: setting boundary condition for c3h8
 main: setting boundary condition for cco_oh
 main: setting boundary condition for cooh
 main: setting boundary condition for ch4
 main: setting boundary condition for ccho
 main: setting boundary condition for cres
 main: setting boundary condition for ethene
 main: setting boundary condition for etoh
 main: setting boundary condition for gly
 main: setting boundary condition for h2o2
 main: setting boundary condition for n2o5
 main: setting boundary condition for hcho
 main: setting boundary condition for hcooh
 main: setting boundary condition for hno3
 main: setting boundary condition for isoprod
 main: setting boundary condition for isoprene
 main: setting boundary condition for mek
 main: setting boundary condition for meoh
 main: setting boundary condition for methacro
 main: setting boundary condition for mvk
 main: setting boundary condition for mgly
 main: setting boundary condition for nh3
 main: setting boundary condition for no
 main: setting boundary condition for no2
 main: setting boundary condition for o3
 main: setting boundary condition for ole1
 main: setting boundary condition for ole2
 main: setting boundary condition for pan
 main: setting boundary condition for so2
 main: setting boundary condition for terp
 main: setting boundary condition for oc_a01
 main: setting boundary condition for oc_a02
 main: setting boundary condition for oc_a03
 main: setting boundary condition for oc_a04
 main: setting boundary condition for bc_a01
 main: setting boundary condition for bc_a02
 main: setting boundary condition for bc_a03
 main: setting boundary condition for bc_a04
 main: setting boundary condition for so4_a01
 main: setting boundary condition for so4_a02
 main: setting boundary condition for so4_a03
 main: setting boundary condition for so4_a04
 main: setting boundary condition for nh4_a01
 main: setting boundary condition for nh4_a02
 main: setting boundary condition for nh4_a03
 main: setting boundary condition for nh4_a04
 main: setting boundary condition for no3_a01
 main: setting boundary condition for no3_a02
 main: setting boundary condition for no3_a03
 main: setting boundary condition for no3_a04
 main: setting boundary condition for na_a01
 main: setting boundary condition for na_a02
 main: setting boundary condition for na_a03
 main: setting boundary condition for na_a04
 main: setting boundary condition for cl_a01
 main: setting boundary condition for cl_a02
 main: setting boundary condition for cl_a03
 main: setting boundary condition for cl_a04
 main: setting boundary condition for oin_a01
 main: setting boundary condition for oin_a02
 main: setting boundary condition for oin_a03
 main: setting boundary condition for oin_a04
 main: setting boundary condition for num_a01
 main: setting boundary condition for num_a02
 main: setting boundary condition for num_a03
 main: setting boundary condition for num_a04
 main; doing time     20140312  :            0
  
 get_moz_time_ndx; moz_dir,moz_fn = /pierce-scratch/kbilsbac/wrf_chem/WRF_GoAmazon_mpi/run/camchem-20210426200007772056.nc
 get_moz_time_ndx; wrf_date,wrf_datesec,ntime_m =     20140312           0          33
 get_moz_time_ndx; moz_tndx =            9
 wrf_ps: Opened /pierce-scratch/kbilsbac/wrf_chem/WRF_GoAmazon_natcom/run/met_em.d01.2014-03-12_00:00:00.nc
 main: setting boundary condition for co
 main: setting boundary condition for acet
 main: setting boundary condition for alk3
 main: setting boundary condition for alk4
 main: setting boundary condition for alk5
 main: setting boundary condition for aro1
 main: setting boundary condition for aro2
 main: setting boundary condition for c2h2
 main: setting boundary condition for c2h6
 main: setting boundary condition for c3h6
 main: setting boundary condition for c3h8
 main: setting boundary condition for cco_oh
 main: setting boundary condition for cooh
 main: setting boundary condition for ch4
 main: setting boundary condition for ccho
 main: setting boundary condition for cres
 main: setting boundary condition for ethene
 main: setting boundary condition for etoh
 main: setting boundary condition for gly
 main: setting boundary condition for h2o2
 main: setting boundary condition for n2o5
 main: setting boundary condition for hcho
 main: setting boundary condition for hcooh
 main: setting boundary condition for hno3
 main: setting boundary condition for isoprod
 main: setting boundary condition for isoprene
 main: setting boundary condition for mek
 main: setting boundary condition for meoh
 main: setting boundary condition for methacro
 main: setting boundary condition for mvk
 main: setting boundary condition for mgly
 main: setting boundary condition for nh3
 main: setting boundary condition for no
 main: setting boundary condition for no2
 main: setting boundary condition for o3
 main: setting boundary condition for ole1
 main: setting boundary condition for ole2
 main: setting boundary condition for pan
 main: setting boundary condition for so2
 main: setting boundary condition for terp
 main: setting boundary condition for oc_a01
 main: setting boundary condition for oc_a02
 main: setting boundary condition for oc_a03
 main: setting boundary condition for oc_a04
 main: setting boundary condition for bc_a01
 main: setting boundary condition for bc_a02
 main: setting boundary condition for bc_a03
 main: setting boundary condition for bc_a04
 main: setting boundary condition for so4_a01
 main: setting boundary condition for so4_a02
 main: setting boundary condition for so4_a03
 main: setting boundary condition for so4_a04
 main: setting boundary condition for nh4_a01
 main: setting boundary condition for nh4_a02
 main: setting boundary condition for nh4_a03
 main: setting boundary condition for nh4_a04
 main: setting boundary condition for no3_a01
 main: setting boundary condition for no3_a02
 main: setting boundary condition for no3_a03
 main: setting boundary condition for no3_a04
 main: setting boundary condition for na_a01
 main: setting boundary condition for na_a02
 main: setting boundary condition for na_a03
 main: setting boundary condition for na_a04
 main: setting boundary condition for cl_a01
 main: setting boundary condition for cl_a02
 main: setting boundary condition for cl_a03
 main: setting boundary condition for cl_a04
 main: setting boundary condition for oin_a01
 main: setting boundary condition for oin_a02
 main: setting boundary condition for oin_a03
 main: setting boundary condition for oin_a04
 main: setting boundary condition for num_a01
 main: setting boundary condition for num_a02
 main: setting boundary condition for num_a03
 main: setting boundary condition for num_a04
 main; doing time     20140312  :        21600
  
 get_moz_time_ndx; moz_dir,moz_fn = /pierce-scratch/kbilsbac/wrf_chem/WRF_GoAmazon_mpi/run/camchem-20210426200007772056.nc
 get_moz_time_ndx; wrf_date,wrf_datesec,ntime_m =     20140312       21600          33
 get_moz_time_ndx; moz_tndx =           10
 wrf_ps: Opened /pierce-scratch/kbilsbac/wrf_chem/WRF_GoAmazon_natcom/run/met_em.d01.2014-03-12_06:00:00.nc
 main: setting boundary condition for co
 main: setting boundary condition for acet
 main: setting boundary condition for alk3
 main: setting boundary condition for alk4
 main: setting boundary condition for alk5
 main: setting boundary condition for aro1
 main: setting boundary condition for aro2
 main: setting boundary condition for c2h2
 main: setting boundary condition for c2h6
 main: setting boundary condition for c3h6
 main: setting boundary condition for c3h8
 main: setting boundary condition for cco_oh
 main: setting boundary condition for cooh
 main: setting boundary condition for ch4
 main: setting boundary condition for ccho
 main: setting boundary condition for cres
 main: setting boundary condition for ethene
 main: setting boundary condition for etoh
 main: setting boundary condition for gly
 main: setting boundary condition for h2o2
 main: setting boundary condition for n2o5
 main: setting boundary condition for hcho
 main: setting boundary condition for hcooh
 main: setting boundary condition for hno3
 main: setting boundary condition for isoprod
 main: setting boundary condition for isoprene
 main: setting boundary condition for mek
 main: setting boundary condition for meoh
 main: setting boundary condition for methacro
 main: setting boundary condition for mvk
 main: setting boundary condition for mgly
 main: setting boundary condition for nh3
 main: setting boundary condition for no
 main: setting boundary condition for no2
 main: setting boundary condition for o3
 main: setting boundary condition for ole1
 main: setting boundary condition for ole2
 main: setting boundary condition for pan
 main: setting boundary condition for so2
 main: setting boundary condition for terp
 main: setting boundary condition for oc_a01
 main: setting boundary condition for oc_a02
 main: setting boundary condition for oc_a03
 main: setting boundary condition for oc_a04
 main: setting boundary condition for bc_a01
 main: setting boundary condition for bc_a02
 main: setting boundary condition for bc_a03
 main: setting boundary condition for bc_a04
 main: setting boundary condition for so4_a01
 main: setting boundary condition for so4_a02
 main: setting boundary condition for so4_a03
 main: setting boundary condition for so4_a04
 main: setting boundary condition for nh4_a01
 main: setting boundary condition for nh4_a02
 main: setting boundary condition for nh4_a03
 main: setting boundary condition for nh4_a04
 main: setting boundary condition for no3_a01
 main: setting boundary condition for no3_a02
 main: setting boundary condition for no3_a03
 main: setting boundary condition for no3_a04
 main: setting boundary condition for na_a01
 main: setting boundary condition for na_a02
 main: setting boundary condition for na_a03
 main: setting boundary condition for na_a04
 main: setting boundary condition for cl_a01
 main: setting boundary condition for cl_a02
 main: setting boundary condition for cl_a03
 main: setting boundary condition for cl_a04
 main: setting boundary condition for oin_a01
 main: setting boundary condition for oin_a02
 main: setting boundary condition for oin_a03
 main: setting boundary condition for oin_a04
 main: setting boundary condition for num_a01
 main: setting boundary condition for num_a02
 main: setting boundary condition for num_a03
 main: setting boundary condition for num_a04
 main; doing time     20140312  :        43200
  
 get_moz_time_ndx; moz_dir,moz_fn = /pierce-scratch/kbilsbac/wrf_chem/WRF_GoAmazon_mpi/run/camchem-20210426200007772056.nc
 get_moz_time_ndx; wrf_date,wrf_datesec,ntime_m =     20140312       43200          33
 get_moz_time_ndx; moz_tndx =           11
 wrf_ps: Opened /pierce-scratch/kbilsbac/wrf_chem/WRF_GoAmazon_natcom/run/met_em.d01.2014-03-12_12:00:00.nc
 main: setting boundary condition for co
 main: setting boundary condition for acet
 main: setting boundary condition for alk3
 main: setting boundary condition for alk4
 main: setting boundary condition for alk5
 main: setting boundary condition for aro1
 main: setting boundary condition for aro2
 main: setting boundary condition for c2h2
 main: setting boundary condition for c2h6
 main: setting boundary condition for c3h6
 main: setting boundary condition for c3h8
 main: setting boundary condition for cco_oh
 main: setting boundary condition for cooh
 main: setting boundary condition for ch4
 main: setting boundary condition for ccho
 main: setting boundary condition for cres
 main: setting boundary condition for ethene
 main: setting boundary condition for etoh
 main: setting boundary condition for gly
 main: setting boundary condition for h2o2
 main: setting boundary condition for n2o5
 main: setting boundary condition for hcho
 main: setting boundary condition for hcooh
 main: setting boundary condition for hno3
 main: setting boundary condition for isoprod
 main: setting boundary condition for isoprene
 main: setting boundary condition for mek
 main: setting boundary condition for meoh
 main: setting boundary condition for methacro
 main: setting boundary condition for mvk
 main: setting boundary condition for mgly
 main: setting boundary condition for nh3
 main: setting boundary condition for no
 main: setting boundary condition for no2
 main: setting boundary condition for o3
 main: setting boundary condition for ole1
 main: setting boundary condition for ole2
 main: setting boundary condition for pan
 main: setting boundary condition for so2
 main: setting boundary condition for terp
 main: setting boundary condition for oc_a01
 main: setting boundary condition for oc_a02
 main: setting boundary condition for oc_a03
 main: setting boundary condition for oc_a04
 main: setting boundary condition for bc_a01
 main: setting boundary condition for bc_a02
 main: setting boundary condition for bc_a03
 main: setting boundary condition for bc_a04
 main: setting boundary condition for so4_a01
 main: setting boundary condition for so4_a02
 main: setting boundary condition for so4_a03
 main: setting boundary condition for so4_a04
 main: setting boundary condition for nh4_a01
 main: setting boundary condition for nh4_a02
 main: setting boundary condition for nh4_a03
 main: setting boundary condition for nh4_a04
 main: setting boundary condition for no3_a01
 main: setting boundary condition for no3_a02
 main: setting boundary condition for no3_a03
 main: setting boundary condition for no3_a04
 main: setting boundary condition for na_a01
 main: setting boundary condition for na_a02
 main: setting boundary condition for na_a03
 main: setting boundary condition for na_a04
 main: setting boundary condition for cl_a01
 main: setting boundary condition for cl_a02
 main: setting boundary condition for cl_a03
 main: setting boundary condition for cl_a04
 main: setting boundary condition for oin_a01
 main: setting boundary condition for oin_a02
 main: setting boundary condition for oin_a03
 main: setting boundary condition for oin_a04
 main: setting boundary condition for num_a01
 main: setting boundary condition for num_a02
 main: setting boundary condition for num_a03
 main: setting boundary condition for num_a04
 main; doing time     20140312  :        64800
  
 get_moz_time_ndx; moz_dir,moz_fn = /pierce-scratch/kbilsbac/wrf_chem/WRF_GoAmazon_mpi/run/camchem-20210426200007772056.nc
 get_moz_time_ndx; wrf_date,wrf_datesec,ntime_m =     20140312       64800          33
 get_moz_time_ndx; moz_tndx =           12
 wrf_ps: Opened /pierce-scratch/kbilsbac/wrf_chem/WRF_GoAmazon_natcom/run/met_em.d01.2014-03-12_18:00:00.nc
 main: setting boundary condition for co
 main: setting boundary condition for acet
 main: setting boundary condition for alk3
 main: setting boundary condition for alk4
 main: setting boundary condition for alk5
 main: setting boundary condition for aro1
 main: setting boundary condition for aro2
 main: setting boundary condition for c2h2
 main: setting boundary condition for c2h6
 main: setting boundary condition for c3h6
 main: setting boundary condition for c3h8
 main: setting boundary condition for cco_oh
 main: setting boundary condition for cooh
 main: setting boundary condition for ch4
 main: setting boundary condition for ccho
 main: setting boundary condition for cres
 main: setting boundary condition for ethene
 main: setting boundary condition for etoh
 main: setting boundary condition for gly
 main: setting boundary condition for h2o2
 main: setting boundary condition for n2o5
 main: setting boundary condition for hcho
 main: setting boundary condition for hcooh
 main: setting boundary condition for hno3
 main: setting boundary condition for isoprod
 main: setting boundary condition for isoprene
 main: setting boundary condition for mek
 main: setting boundary condition for meoh
 main: setting boundary condition for methacro
 main: setting boundary condition for mvk
 main: setting boundary condition for mgly
 main: setting boundary condition for nh3
 main: setting boundary condition for no
 main: setting boundary condition for no2
 main: setting boundary condition for o3
 main: setting boundary condition for ole1
 main: setting boundary condition for ole2
 main: setting boundary condition for pan
 main: setting boundary condition for so2
 main: setting boundary condition for terp
 main: setting boundary condition for oc_a01
 main: setting boundary condition for oc_a02
 main: setting boundary condition for oc_a03
 main: setting boundary condition for oc_a04
 main: setting boundary condition for bc_a01
 main: setting boundary condition for bc_a02
 main: setting boundary condition for bc_a03
 main: setting boundary condition for bc_a04
 main: setting boundary condition for so4_a01
 main: setting boundary condition for so4_a02
 main: setting boundary condition for so4_a03
 main: setting boundary condition for so4_a04
 main: setting boundary condition for nh4_a01
 main: setting boundary condition for nh4_a02
 main: setting boundary condition for nh4_a03
 main: setting boundary condition for nh4_a04
 main: setting boundary condition for no3_a01
 main: setting boundary condition for no3_a02
 main: setting boundary condition for no3_a03
 main: setting boundary condition for no3_a04
 main: setting boundary condition for na_a01
 main: setting boundary condition for na_a02
 main: setting boundary condition for na_a03
 main: setting boundary condition for na_a04
 main: setting boundary condition for cl_a01
 main: setting boundary condition for cl_a02
 main: setting boundary condition for cl_a03
 main: setting boundary condition for cl_a04
 main: setting boundary condition for oin_a01
 main: setting boundary condition for oin_a02
 main: setting boundary condition for oin_a03
 main: setting boundary condition for oin_a04
 main: setting boundary condition for num_a01
 main: setting boundary condition for num_a02
 main: setting boundary condition for num_a03
 main: setting boundary condition for num_a04
 main; doing time     20140313  :            0
  
 get_moz_time_ndx; moz_dir,moz_fn = /pierce-scratch/kbilsbac/wrf_chem/WRF_GoAmazon_mpi/run/camchem-20210426200007772056.nc
 get_moz_time_ndx; wrf_date,wrf_datesec,ntime_m =     20140313           0          33
 get_moz_time_ndx; moz_tndx =           13
 wrf_ps: Opened /pierce-scratch/kbilsbac/wrf_chem/WRF_GoAmazon_natcom/run/met_em.d01.2014-03-13_00:00:00.nc
 main: setting boundary condition for co
 main: setting boundary condition for acet
 main: setting boundary condition for alk3
 main: setting boundary condition for alk4
 main: setting boundary condition for alk5
 main: setting boundary condition for aro1
 main: setting boundary condition for aro2
 main: setting boundary condition for c2h2
 main: setting boundary condition for c2h6
 main: setting boundary condition for c3h6
 main: setting boundary condition for c3h8
 main: setting boundary condition for cco_oh
 main: setting boundary condition for cooh
 main: setting boundary condition for ch4
 main: setting boundary condition for ccho
 main: setting boundary condition for cres
 main: setting boundary condition for ethene
 main: setting boundary condition for etoh
 main: setting boundary condition for gly
 main: setting boundary condition for h2o2
 main: setting boundary condition for n2o5
 main: setting boundary condition for hcho
 main: setting boundary condition for hcooh
 main: setting boundary condition for hno3
 main: setting boundary condition for isoprod
 main: setting boundary condition for isoprene
 main: setting boundary condition for mek
 main: setting boundary condition for meoh
 main: setting boundary condition for methacro
 main: setting boundary condition for mvk
 main: setting boundary condition for mgly
 main: setting boundary condition for nh3
 main: setting boundary condition for no
 main: setting boundary condition for no2
 main: setting boundary condition for o3
 main: setting boundary condition for ole1
 main: setting boundary condition for ole2
 main: setting boundary condition for pan
 main: setting boundary condition for so2
 main: setting boundary condition for terp
 main: setting boundary condition for oc_a01
 main: setting boundary condition for oc_a02
 main: setting boundary condition for oc_a03
 main: setting boundary condition for oc_a04
 main: setting boundary condition for bc_a01
 main: setting boundary condition for bc_a02
 main: setting boundary condition for bc_a03
 main: setting boundary condition for bc_a04
 main: setting boundary condition for so4_a01
 main: setting boundary condition for so4_a02
 main: setting boundary condition for so4_a03
 main: setting boundary condition for so4_a04
 main: setting boundary condition for nh4_a01
 main: setting boundary condition for nh4_a02
 main: setting boundary condition for nh4_a03
 main: setting boundary condition for nh4_a04
 main: setting boundary condition for no3_a01
 main: setting boundary condition for no3_a02
 main: setting boundary condition for no3_a03
 main: setting boundary condition for no3_a04
 main: setting boundary condition for na_a01
 main: setting boundary condition for na_a02
 main: setting boundary condition for na_a03
 main: setting boundary condition for na_a04
 main: setting boundary condition for cl_a01
 main: setting boundary condition for cl_a02
 main: setting boundary condition for cl_a03
 main: setting boundary condition for cl_a04
 main: setting boundary condition for oin_a01
 main: setting boundary condition for oin_a02
 main: setting boundary condition for oin_a03
 main: setting boundary condition for oin_a04
 main: setting boundary condition for num_a01
 main: setting boundary condition for num_a02
 main: setting boundary condition for num_a03
 main: setting boundary condition for num_a04
 main; doing time     20140313  :        21600
  
 get_moz_time_ndx; moz_dir,moz_fn = /pierce-scratch/kbilsbac/wrf_chem/WRF_GoAmazon_mpi/run/camchem-20210426200007772056.nc
 get_moz_time_ndx; wrf_date,wrf_datesec,ntime_m =     20140313       21600          33
 get_moz_time_ndx; moz_tndx =           14
 wrf_ps: Opened /pierce-scratch/kbilsbac/wrf_chem/WRF_GoAmazon_natcom/run/met_em.d01.2014-03-13_06:00:00.nc
 main: setting boundary condition for co
 main: setting boundary condition for acet
 main: setting boundary condition for alk3
 main: setting boundary condition for alk4
 main: setting boundary condition for alk5
 main: setting boundary condition for aro1
 main: setting boundary condition for aro2
 main: setting boundary condition for c2h2
 main: setting boundary condition for c2h6
 main: setting boundary condition for c3h6
 main: setting boundary condition for c3h8
 main: setting boundary condition for cco_oh
 main: setting boundary condition for cooh
 main: setting boundary condition for ch4
 main: setting boundary condition for ccho
 main: setting boundary condition for cres
 main: setting boundary condition for ethene
 main: setting boundary condition for etoh
 main: setting boundary condition for gly
 main: setting boundary condition for h2o2
 main: setting boundary condition for n2o5
 main: setting boundary condition for hcho
 main: setting boundary condition for hcooh
 main: setting boundary condition for hno3
 main: setting boundary condition for isoprod
 main: setting boundary condition for isoprene
 main: setting boundary condition for mek
 main: setting boundary condition for meoh
 main: setting boundary condition for methacro
 main: setting boundary condition for mvk
 main: setting boundary condition for mgly
 main: setting boundary condition for nh3
 main: setting boundary condition for no
 main: setting boundary condition for no2
 main: setting boundary condition for o3
 main: setting boundary condition for ole1
 main: setting boundary condition for ole2
 main: setting boundary condition for pan
 main: setting boundary condition for so2
 main: setting boundary condition for terp
 main: setting boundary condition for oc_a01
 main: setting boundary condition for oc_a02
 main: setting boundary condition for oc_a03
 main: setting boundary condition for oc_a04
 main: setting boundary condition for bc_a01
 main: setting boundary condition for bc_a02
 main: setting boundary condition for bc_a03
 main: setting boundary condition for bc_a04
 main: setting boundary condition for so4_a01
 main: setting boundary condition for so4_a02
 main: setting boundary condition for so4_a03
 main: setting boundary condition for so4_a04
 main: setting boundary condition for nh4_a01
 main: setting boundary condition for nh4_a02
 main: setting boundary condition for nh4_a03
 main: setting boundary condition for nh4_a04
 main: setting boundary condition for no3_a01
 main: setting boundary condition for no3_a02
 main: setting boundary condition for no3_a03
 main: setting boundary condition for no3_a04
 main: setting boundary condition for na_a01
 main: setting boundary condition for na_a02
 main: setting boundary condition for na_a03
 main: setting boundary condition for na_a04
 main: setting boundary condition for cl_a01
 main: setting boundary condition for cl_a02
 main: setting boundary condition for cl_a03
 main: setting boundary condition for cl_a04
 main: setting boundary condition for oin_a01
 main: setting boundary condition for oin_a02
 main: setting boundary condition for oin_a03
 main: setting boundary condition for oin_a04
 main: setting boundary condition for num_a01
 main: setting boundary condition for num_a02
 main: setting boundary condition for num_a03
 main: setting boundary condition for num_a04
 main; doing time     20140313  :        43200
  
 get_moz_time_ndx; moz_dir,moz_fn = /pierce-scratch/kbilsbac/wrf_chem/WRF_GoAmazon_mpi/run/camchem-20210426200007772056.nc
 get_moz_time_ndx; wrf_date,wrf_datesec,ntime_m =     20140313       43200          33
 get_moz_time_ndx; moz_tndx =           15
 wrf_ps: Opened /pierce-scratch/kbilsbac/wrf_chem/WRF_GoAmazon_natcom/run/met_em.d01.2014-03-13_12:00:00.nc
 main: setting boundary condition for co
 main: setting boundary condition for acet
 main: setting boundary condition for alk3
 main: setting boundary condition for alk4
 main: setting boundary condition for alk5
 main: setting boundary condition for aro1
 main: setting boundary condition for aro2
 main: setting boundary condition for c2h2
 main: setting boundary condition for c2h6
 main: setting boundary condition for c3h6
 main: setting boundary condition for c3h8
 main: setting boundary condition for cco_oh
 main: setting boundary condition for cooh
 main: setting boundary condition for ch4
 main: setting boundary condition for ccho
 main: setting boundary condition for cres
 main: setting boundary condition for ethene
 main: setting boundary condition for etoh
 main: setting boundary condition for gly
 main: setting boundary condition for h2o2
 main: setting boundary condition for n2o5
 main: setting boundary condition for hcho
 main: setting boundary condition for hcooh
 main: setting boundary condition for hno3
 main: setting boundary condition for isoprod
 main: setting boundary condition for isoprene
 main: setting boundary condition for mek
 main: setting boundary condition for meoh
 main: setting boundary condition for methacro
 main: setting boundary condition for mvk
 main: setting boundary condition for mgly
 main: setting boundary condition for nh3
 main: setting boundary condition for no
 main: setting boundary condition for no2
 main: setting boundary condition for o3
 main: setting boundary condition for ole1
 main: setting boundary condition for ole2
 main: setting boundary condition for pan
 main: setting boundary condition for so2
 main: setting boundary condition for terp
 main: setting boundary condition for oc_a01
 main: setting boundary condition for oc_a02
 main: setting boundary condition for oc_a03
 main: setting boundary condition for oc_a04
 main: setting boundary condition for bc_a01
 main: setting boundary condition for bc_a02
 main: setting boundary condition for bc_a03
 main: setting boundary condition for bc_a04
 main: setting boundary condition for so4_a01
 main: setting boundary condition for so4_a02
 main: setting boundary condition for so4_a03
 main: setting boundary condition for so4_a04
 main: setting boundary condition for nh4_a01
 main: setting boundary condition for nh4_a02
 main: setting boundary condition for nh4_a03
 main: setting boundary condition for nh4_a04
 main: setting boundary condition for no3_a01
 main: setting boundary condition for no3_a02
 main: setting boundary condition for no3_a03
 main: setting boundary condition for no3_a04
 main: setting boundary condition for na_a01
 main: setting boundary condition for na_a02
 main: setting boundary condition for na_a03
 main: setting boundary condition for na_a04
 main: setting boundary condition for cl_a01
 main: setting boundary condition for cl_a02
 main: setting boundary condition for cl_a03
 main: setting boundary condition for cl_a04
 main: setting boundary condition for oin_a01
 main: setting boundary condition for oin_a02
 main: setting boundary condition for oin_a03
 main: setting boundary condition for oin_a04
 main: setting boundary condition for num_a01
 main: setting boundary condition for num_a02
 main: setting boundary condition for num_a03
 main: setting boundary condition for num_a04
 main; doing time     20140313  :        64800
  
 get_moz_time_ndx; moz_dir,moz_fn = /pierce-scratch/kbilsbac/wrf_chem/WRF_GoAmazon_mpi/run/camchem-20210426200007772056.nc
 get_moz_time_ndx; wrf_date,wrf_datesec,ntime_m =     20140313       64800          33
 get_moz_time_ndx; moz_tndx =           16
 wrf_ps: Opened /pierce-scratch/kbilsbac/wrf_chem/WRF_GoAmazon_natcom/run/met_em.d01.2014-03-13_18:00:00.nc
 main: setting boundary condition for co
 main: setting boundary condition for acet
 main: setting boundary condition for alk3
 main: setting boundary condition for alk4
 main: setting boundary condition for alk5
 main: setting boundary condition for aro1
 main: setting boundary condition for aro2
 main: setting boundary condition for c2h2
 main: setting boundary condition for c2h6
 main: setting boundary condition for c3h6
 main: setting boundary condition for c3h8
 main: setting boundary condition for cco_oh
 main: setting boundary condition for cooh
 main: setting boundary condition for ch4
 main: setting boundary condition for ccho
 main: setting boundary condition for cres
 main: setting boundary condition for ethene
 main: setting boundary condition for etoh
 main: setting boundary condition for gly
 main: setting boundary condition for h2o2
 main: setting boundary condition for n2o5
 main: setting boundary condition for hcho
 main: setting boundary condition for hcooh
 main: setting boundary condition for hno3
 main: setting boundary condition for isoprod
 main: setting boundary condition for isoprene
 main: setting boundary condition for mek
 main: setting boundary condition for meoh
 main: setting boundary condition for methacro
 main: setting boundary condition for mvk
 main: setting boundary condition for mgly
 main: setting boundary condition for nh3
 main: setting boundary condition for no
 main: setting boundary condition for no2
 main: setting boundary condition for o3
 main: setting boundary condition for ole1
 main: setting boundary condition for ole2
 main: setting boundary condition for pan
 main: setting boundary condition for so2
 main: setting boundary condition for terp
 main: setting boundary condition for oc_a01
 main: setting boundary condition for oc_a02
 main: setting boundary condition for oc_a03
 main: setting boundary condition for oc_a04
 main: setting boundary condition for bc_a01
 main: setting boundary condition for bc_a02
 main: setting boundary condition for bc_a03
 main: setting boundary condition for bc_a04
 main: setting boundary condition for so4_a01
 main: setting boundary condition for so4_a02
 main: setting boundary condition for so4_a03
 main: setting boundary condition for so4_a04
 main: setting boundary condition for nh4_a01
 main: setting boundary condition for nh4_a02
 main: setting boundary condition for nh4_a03
 main: setting boundary condition for nh4_a04
 main: setting boundary condition for no3_a01
 main: setting boundary condition for no3_a02
 main: setting boundary condition for no3_a03
 main: setting boundary condition for no3_a04
 main: setting boundary condition for na_a01
 main: setting boundary condition for na_a02
 main: setting boundary condition for na_a03
 main: setting boundary condition for na_a04
 main: setting boundary condition for cl_a01
 main: setting boundary condition for cl_a02
 main: setting boundary condition for cl_a03
 main: setting boundary condition for cl_a04
 main: setting boundary condition for oin_a01
 main: setting boundary condition for oin_a02
 main: setting boundary condition for oin_a03
 main: setting boundary condition for oin_a04
 main: setting boundary condition for num_a01
 main: setting boundary condition for num_a02
 main: setting boundary condition for num_a03
 main: setting boundary condition for num_a04
 main; doing time     20140314  :            0
  
 get_moz_time_ndx; moz_dir,moz_fn = /pierce-scratch/kbilsbac/wrf_chem/WRF_GoAmazon_mpi/run/camchem-20210426200007772056.nc
 get_moz_time_ndx; wrf_date,wrf_datesec,ntime_m =     20140314           0          33
 get_moz_time_ndx; moz_tndx =           17
 wrf_ps: Opened /pierce-scratch/kbilsbac/wrf_chem/WRF_GoAmazon_natcom/run/met_em.d01.2014-03-14_00:00:00.nc
 main: setting boundary condition for co
 main: setting boundary condition for acet
 main: setting boundary condition for alk3
 main: setting boundary condition for alk4
 main: setting boundary condition for alk5
 main: setting boundary condition for aro1
 main: setting boundary condition for aro2
 main: setting boundary condition for c2h2
 main: setting boundary condition for c2h6
 main: setting boundary condition for c3h6
 main: setting boundary condition for c3h8
 main: setting boundary condition for cco_oh
 main: setting boundary condition for cooh
 main: setting boundary condition for ch4
 main: setting boundary condition for ccho
 main: setting boundary condition for cres
 main: setting boundary condition for ethene
 main: setting boundary condition for etoh
 main: setting boundary condition for gly
 main: setting boundary condition for h2o2
 main: setting boundary condition for n2o5
 main: setting boundary condition for hcho
 main: setting boundary condition for hcooh
 main: setting boundary condition for hno3
 main: setting boundary condition for isoprod
 main: setting boundary condition for isoprene
 main: setting boundary condition for mek
 main: setting boundary condition for meoh
 main: setting boundary condition for methacro
 main: setting boundary condition for mvk
 main: setting boundary condition for mgly
 main: setting boundary condition for nh3
 main: setting boundary condition for no
 main: setting boundary condition for no2
 main: setting boundary condition for o3
 main: setting boundary condition for ole1
 main: setting boundary condition for ole2
 main: setting boundary condition for pan
 main: setting boundary condition for so2
 main: setting boundary condition for terp
 main: setting boundary condition for oc_a01
 main: setting boundary condition for oc_a02
 main: setting boundary condition for oc_a03
 main: setting boundary condition for oc_a04
 main: setting boundary condition for bc_a01
 main: setting boundary condition for bc_a02
 main: setting boundary condition for bc_a03
 main: setting boundary condition for bc_a04
 main: setting boundary condition for so4_a01
 main: setting boundary condition for so4_a02
 main: setting boundary condition for so4_a03
 main: setting boundary condition for so4_a04
 main: setting boundary condition for nh4_a01
 main: setting boundary condition for nh4_a02
 main: setting boundary condition for nh4_a03
 main: setting boundary condition for nh4_a04
 main: setting boundary condition for no3_a01
 main: setting boundary condition for no3_a02
 main: setting boundary condition for no3_a03
 main: setting boundary condition for no3_a04
 main: setting boundary condition for na_a01
 main: setting boundary condition for na_a02
 main: setting boundary condition for na_a03
 main: setting boundary condition for na_a04
 main: setting boundary condition for cl_a01
 main: setting boundary condition for cl_a02
 main: setting boundary condition for cl_a03
 main: setting boundary condition for cl_a04
 main: setting boundary condition for oin_a01
 main: setting boundary condition for oin_a02
 main: setting boundary condition for oin_a03
 main: setting boundary condition for oin_a04
 main: setting boundary condition for num_a01
 main: setting boundary condition for num_a02
 main: setting boundary condition for num_a03
 main: setting boundary condition for num_a04
 main; doing time     20140314  :        21600
  
 get_moz_time_ndx; moz_dir,moz_fn = /pierce-scratch/kbilsbac/wrf_chem/WRF_GoAmazon_mpi/run/camchem-20210426200007772056.nc
 get_moz_time_ndx; wrf_date,wrf_datesec,ntime_m =     20140314       21600          33
 get_moz_time_ndx; moz_tndx =           18
 wrf_ps: Opened /pierce-scratch/kbilsbac/wrf_chem/WRF_GoAmazon_natcom/run/met_em.d01.2014-03-14_06:00:00.nc
 main: setting boundary condition for co
 main: setting boundary condition for acet
 main: setting boundary condition for alk3
 main: setting boundary condition for alk4
 main: setting boundary condition for alk5
 main: setting boundary condition for aro1
 main: setting boundary condition for aro2
 main: setting boundary condition for c2h2
 main: setting boundary condition for c2h6
 main: setting boundary condition for c3h6
 main: setting boundary condition for c3h8
 main: setting boundary condition for cco_oh
 main: setting boundary condition for cooh
 main: setting boundary condition for ch4
 main: setting boundary condition for ccho
 main: setting boundary condition for cres
 main: setting boundary condition for ethene
 main: setting boundary condition for etoh
 main: setting boundary condition for gly
 main: setting boundary condition for h2o2
 main: setting boundary condition for n2o5
 main: setting boundary condition for hcho
 main: setting boundary condition for hcooh
 main: setting boundary condition for hno3
 main: setting boundary condition for isoprod
 main: setting boundary condition for isoprene
 main: setting boundary condition for mek
 main: setting boundary condition for meoh
 main: setting boundary condition for methacro
 main: setting boundary condition for mvk
 main: setting boundary condition for mgly
 main: setting boundary condition for nh3
 main: setting boundary condition for no
 main: setting boundary condition for no2
 main: setting boundary condition for o3
 main: setting boundary condition for ole1
 main: setting boundary condition for ole2
 main: setting boundary condition for pan
 main: setting boundary condition for so2
 main: setting boundary condition for terp
 main: setting boundary condition for oc_a01
 main: setting boundary condition for oc_a02
 main: setting boundary condition for oc_a03
 main: setting boundary condition for oc_a04
 main: setting boundary condition for bc_a01
 main: setting boundary condition for bc_a02
 main: setting boundary condition for bc_a03
 main: setting boundary condition for bc_a04
 main: setting boundary condition for so4_a01
 main: setting boundary condition for so4_a02
 main: setting boundary condition for so4_a03
 main: setting boundary condition for so4_a04
 main: setting boundary condition for nh4_a01
 main: setting boundary condition for nh4_a02
 main: setting boundary condition for nh4_a03
 main: setting boundary condition for nh4_a04
 main: setting boundary condition for no3_a01
 main: setting boundary condition for no3_a02
 main: setting boundary condition for no3_a03
 main: setting boundary condition for no3_a04
 main: setting boundary condition for na_a01
 main: setting boundary condition for na_a02
 main: setting boundary condition for na_a03
 main: setting boundary condition for na_a04
 main: setting boundary condition for cl_a01
 main: setting boundary condition for cl_a02
 main: setting boundary condition for cl_a03
 main: setting boundary condition for cl_a04
 main: setting boundary condition for oin_a01
 main: setting boundary condition for oin_a02
 main: setting boundary condition for oin_a03
 main: setting boundary condition for oin_a04
 main: setting boundary condition for num_a01
 main: setting boundary condition for num_a02
 main: setting boundary condition for num_a03
 main: setting boundary condition for num_a04
 main; doing time     20140314  :        43200
  
 get_moz_time_ndx; moz_dir,moz_fn = /pierce-scratch/kbilsbac/wrf_chem/WRF_GoAmazon_mpi/run/camchem-20210426200007772056.nc
 get_moz_time_ndx; wrf_date,wrf_datesec,ntime_m =     20140314       43200          33
 get_moz_time_ndx; moz_tndx =           19
 wrf_ps: Opened /pierce-scratch/kbilsbac/wrf_chem/WRF_GoAmazon_natcom/run/met_em.d01.2014-03-14_12:00:00.nc
 main: setting boundary condition for co
 main: setting boundary condition for acet
 main: setting boundary condition for alk3
 main: setting boundary condition for alk4
 main: setting boundary condition for alk5
 main: setting boundary condition for aro1
 main: setting boundary condition for aro2
 main: setting boundary condition for c2h2
 main: setting boundary condition for c2h6
 main: setting boundary condition for c3h6
 main: setting boundary condition for c3h8
 main: setting boundary condition for cco_oh
 main: setting boundary condition for cooh
 main: setting boundary condition for ch4
 main: setting boundary condition for ccho
 main: setting boundary condition for cres
 main: setting boundary condition for ethene
 main: setting boundary condition for etoh
 main: setting boundary condition for gly
 main: setting boundary condition for h2o2
 main: setting boundary condition for n2o5
 main: setting boundary condition for hcho
 main: setting boundary condition for hcooh
 main: setting boundary condition for hno3
 main: setting boundary condition for isoprod
 main: setting boundary condition for isoprene
 main: setting boundary condition for mek
 main: setting boundary condition for meoh
 main: setting boundary condition for methacro
 main: setting boundary condition for mvk
 main: setting boundary condition for mgly
 main: setting boundary condition for nh3
 main: setting boundary condition for no
 main: setting boundary condition for no2
 main: setting boundary condition for o3
 main: setting boundary condition for ole1
 main: setting boundary condition for ole2
 main: setting boundary condition for pan
 main: setting boundary condition for so2
 main: setting boundary condition for terp
 main: setting boundary condition for oc_a01
 main: setting boundary condition for oc_a02
 main: setting boundary condition for oc_a03
 main: setting boundary condition for oc_a04
 main: setting boundary condition for bc_a01
 main: setting boundary condition for bc_a02
 main: setting boundary condition for bc_a03
 main: setting boundary condition for bc_a04
 main: setting boundary condition for so4_a01
 main: setting boundary condition for so4_a02
 main: setting boundary condition for so4_a03
 main: setting boundary condition for so4_a04
 main: setting boundary condition for nh4_a01
 main: setting boundary condition for nh4_a02
 main: setting boundary condition for nh4_a03
 main: setting boundary condition for nh4_a04
 main: setting boundary condition for no3_a01
 main: setting boundary condition for no3_a02
 main: setting boundary condition for no3_a03
 main: setting boundary condition for no3_a04
 main: setting boundary condition for na_a01
 main: setting boundary condition for na_a02
 main: setting boundary condition for na_a03
 main: setting boundary condition for na_a04
 main: setting boundary condition for cl_a01
 main: setting boundary condition for cl_a02
 main: setting boundary condition for cl_a03
 main: setting boundary condition for cl_a04
 main: setting boundary condition for oin_a01
 main: setting boundary condition for oin_a02
 main: setting boundary condition for oin_a03
 main: setting boundary condition for oin_a04
 main: setting boundary condition for num_a01
 main: setting boundary condition for num_a02
 main: setting boundary condition for num_a03
 main: setting boundary condition for num_a04
 main; doing time     20140314  :        64800
  
 get_moz_time_ndx; moz_dir,moz_fn = /pierce-scratch/kbilsbac/wrf_chem/WRF_GoAmazon_mpi/run/camchem-20210426200007772056.nc
 get_moz_time_ndx; wrf_date,wrf_datesec,ntime_m =     20140314       64800          33
 get_moz_time_ndx; moz_tndx =           20
 wrf_ps: Opened /pierce-scratch/kbilsbac/wrf_chem/WRF_GoAmazon_natcom/run/met_em.d01.2014-03-14_18:00:00.nc
 main: setting boundary condition for co
 main: setting boundary condition for acet
 main: setting boundary condition for alk3
 main: setting boundary condition for alk4
 main: setting boundary condition for alk5
 main: setting boundary condition for aro1
 main: setting boundary condition for aro2
 main: setting boundary condition for c2h2
 main: setting boundary condition for c2h6
 main: setting boundary condition for c3h6
 main: setting boundary condition for c3h8
 main: setting boundary condition for cco_oh
 main: setting boundary condition for cooh
 main: setting boundary condition for ch4
 main: setting boundary condition for ccho
 main: setting boundary condition for cres
 main: setting boundary condition for ethene
 main: setting boundary condition for etoh
 main: setting boundary condition for gly
 main: setting boundary condition for h2o2
 main: setting boundary condition for n2o5
 main: setting boundary condition for hcho
 main: setting boundary condition for hcooh
 main: setting boundary condition for hno3
 main: setting boundary condition for isoprod
 main: setting boundary condition for isoprene
 main: setting boundary condition for mek
 main: setting boundary condition for meoh
 main: setting boundary condition for methacro
 main: setting boundary condition for mvk
 main: setting boundary condition for mgly
 main: setting boundary condition for nh3
 main: setting boundary condition for no
 main: setting boundary condition for no2
 main: setting boundary condition for o3
 main: setting boundary condition for ole1
 main: setting boundary condition for ole2
 main: setting boundary condition for pan
 main: setting boundary condition for so2
 main: setting boundary condition for terp
 main: setting boundary condition for oc_a01
 main: setting boundary condition for oc_a02
 main: setting boundary condition for oc_a03
 main: setting boundary condition for oc_a04
 main: setting boundary condition for bc_a01
 main: setting boundary condition for bc_a02
 main: setting boundary condition for bc_a03
 main: setting boundary condition for bc_a04
 main: setting boundary condition for so4_a01
 main: setting boundary condition for so4_a02
 main: setting boundary condition for so4_a03
 main: setting boundary condition for so4_a04
 main: setting boundary condition for nh4_a01
 main: setting boundary condition for nh4_a02
 main: setting boundary condition for nh4_a03
 main: setting boundary condition for nh4_a04
 main: setting boundary condition for no3_a01
 main: setting boundary condition for no3_a02
 main: setting boundary condition for no3_a03
 main: setting boundary condition for no3_a04
 main: setting boundary condition for na_a01
 main: setting boundary condition for na_a02
 main: setting boundary condition for na_a03
 main: setting boundary condition for na_a04
 main: setting boundary condition for cl_a01
 main: setting boundary condition for cl_a02
 main: setting boundary condition for cl_a03
 main: setting boundary condition for cl_a04
 main: setting boundary condition for oin_a01
 main: setting boundary condition for oin_a02
 main: setting boundary condition for oin_a03
 main: setting boundary condition for oin_a04
 main: setting boundary condition for num_a01
 main: setting boundary condition for num_a02
 main: setting boundary condition for num_a03
 main: setting boundary condition for num_a04
 main; doing time     20140315  :            0
  
 get_moz_time_ndx; moz_dir,moz_fn = /pierce-scratch/kbilsbac/wrf_chem/WRF_GoAmazon_mpi/run/camchem-20210426200007772056.nc
 get_moz_time_ndx; wrf_date,wrf_datesec,ntime_m =     20140315           0          33
 get_moz_time_ndx; moz_tndx =           21
 wrf_ps: Opened /pierce-scratch/kbilsbac/wrf_chem/WRF_GoAmazon_natcom/run/met_em.d01.2014-03-15_00:00:00.nc
 main: setting boundary condition for co
 main: setting boundary condition for acet
 main: setting boundary condition for alk3
 main: setting boundary condition for alk4
 main: setting boundary condition for alk5
 main: setting boundary condition for aro1
 main: setting boundary condition for aro2
 main: setting boundary condition for c2h2
 main: setting boundary condition for c2h6
 main: setting boundary condition for c3h6
 main: setting boundary condition for c3h8
 main: setting boundary condition for cco_oh
 main: setting boundary condition for cooh
 main: setting boundary condition for ch4
 main: setting boundary condition for ccho
 main: setting boundary condition for cres
 main: setting boundary condition for ethene
 main: setting boundary condition for etoh
 main: setting boundary condition for gly
 main: setting boundary condition for h2o2
 main: setting boundary condition for n2o5
 main: setting boundary condition for hcho
 main: setting boundary condition for hcooh
 main: setting boundary condition for hno3
 main: setting boundary condition for isoprod
 main: setting boundary condition for isoprene
 main: setting boundary condition for mek
 main: setting boundary condition for meoh
 main: setting boundary condition for methacro
 main: setting boundary condition for mvk
 main: setting boundary condition for mgly
 main: setting boundary condition for nh3
 main: setting boundary condition for no
 main: setting boundary condition for no2
 main: setting boundary condition for o3
 main: setting boundary condition for ole1
 main: setting boundary condition for ole2
 main: setting boundary condition for pan
 main: setting boundary condition for so2
 main: setting boundary condition for terp
 main: setting boundary condition for oc_a01
 main: setting boundary condition for oc_a02
 main: setting boundary condition for oc_a03
 main: setting boundary condition for oc_a04
 main: setting boundary condition for bc_a01
 main: setting boundary condition for bc_a02
 main: setting boundary condition for bc_a03
 main: setting boundary condition for bc_a04
 main: setting boundary condition for so4_a01
 main: setting boundary condition for so4_a02
 main: setting boundary condition for so4_a03
 main: setting boundary condition for so4_a04
 main: setting boundary condition for nh4_a01
 main: setting boundary condition for nh4_a02
 main: setting boundary condition for nh4_a03
 main: setting boundary condition for nh4_a04
 main: setting boundary condition for no3_a01
 main: setting boundary condition for no3_a02
 main: setting boundary condition for no3_a03
 main: setting boundary condition for no3_a04
 main: setting boundary condition for na_a01
 main: setting boundary condition for na_a02
 main: setting boundary condition for na_a03
 main: setting boundary condition for na_a04
 main: setting boundary condition for cl_a01
 main: setting boundary condition for cl_a02
 main: setting boundary condition for cl_a03
 main: setting boundary condition for cl_a04
 main: setting boundary condition for oin_a01
 main: setting boundary condition for oin_a02
 main: setting boundary condition for oin_a03
 main: setting boundary condition for oin_a04
 main: setting boundary condition for num_a01
 main: setting boundary condition for num_a02
 main: setting boundary condition for num_a03
 main: setting boundary condition for num_a04
 main; doing time     20140315  :        21600
  
 get_moz_time_ndx; moz_dir,moz_fn = /pierce-scratch/kbilsbac/wrf_chem/WRF_GoAmazon_mpi/run/camchem-20210426200007772056.nc
 get_moz_time_ndx; wrf_date,wrf_datesec,ntime_m =     20140315       21600          33
 get_moz_time_ndx; moz_tndx =           22
 wrf_ps: Opened /pierce-scratch/kbilsbac/wrf_chem/WRF_GoAmazon_natcom/run/met_em.d01.2014-03-15_06:00:00.nc
 main: setting boundary condition for co
 main: setting boundary condition for acet
 main: setting boundary condition for alk3
 main: setting boundary condition for alk4
 main: setting boundary condition for alk5
 main: setting boundary condition for aro1
 main: setting boundary condition for aro2
 main: setting boundary condition for c2h2
 main: setting boundary condition for c2h6
 main: setting boundary condition for c3h6
 main: setting boundary condition for c3h8
 main: setting boundary condition for cco_oh
 main: setting boundary condition for cooh
 main: setting boundary condition for ch4
 main: setting boundary condition for ccho
 main: setting boundary condition for cres
 main: setting boundary condition for ethene
 main: setting boundary condition for etoh
 main: setting boundary condition for gly
 main: setting boundary condition for h2o2
 main: setting boundary condition for n2o5
 main: setting boundary condition for hcho
 main: setting boundary condition for hcooh
 main: setting boundary condition for hno3
 main: setting boundary condition for isoprod
 main: setting boundary condition for isoprene
 main: setting boundary condition for mek
 main: setting boundary condition for meoh
 main: setting boundary condition for methacro
 main: setting boundary condition for mvk
 main: setting boundary condition for mgly
 main: setting boundary condition for nh3
 main: setting boundary condition for no
 main: setting boundary condition for no2
 main: setting boundary condition for o3
 main: setting boundary condition for ole1
 main: setting boundary condition for ole2
 main: setting boundary condition for pan
 main: setting boundary condition for so2
 main: setting boundary condition for terp
 main: setting boundary condition for oc_a01
 main: setting boundary condition for oc_a02
 main: setting boundary condition for oc_a03
 main: setting boundary condition for oc_a04
 main: setting boundary condition for bc_a01
 main: setting boundary condition for bc_a02
 main: setting boundary condition for bc_a03
 main: setting boundary condition for bc_a04
 main: setting boundary condition for so4_a01
 main: setting boundary condition for so4_a02
 main: setting boundary condition for so4_a03
 main: setting boundary condition for so4_a04
 main: setting boundary condition for nh4_a01
 main: setting boundary condition for nh4_a02
 main: setting boundary condition for nh4_a03
 main: setting boundary condition for nh4_a04
 main: setting boundary condition for no3_a01
 main: setting boundary condition for no3_a02
 main: setting boundary condition for no3_a03
 main: setting boundary condition for no3_a04
 main: setting boundary condition for na_a01
 main: setting boundary condition for na_a02
 main: setting boundary condition for na_a03
 main: setting boundary condition for na_a04
 main: setting boundary condition for cl_a01
 main: setting boundary condition for cl_a02
 main: setting boundary condition for cl_a03
 main: setting boundary condition for cl_a04
 main: setting boundary condition for oin_a01
 main: setting boundary condition for oin_a02
 main: setting boundary condition for oin_a03
 main: setting boundary condition for oin_a04
 main: setting boundary condition for num_a01
 main: setting boundary condition for num_a02
 main: setting boundary condition for num_a03
 main: setting boundary condition for num_a04
 main; doing time     20140315  :        43200
  
 get_moz_time_ndx; moz_dir,moz_fn = /pierce-scratch/kbilsbac/wrf_chem/WRF_GoAmazon_mpi/run/camchem-20210426200007772056.nc
 get_moz_time_ndx; wrf_date,wrf_datesec,ntime_m =     20140315       43200          33
 get_moz_time_ndx; moz_tndx =           23
 wrf_ps: Opened /pierce-scratch/kbilsbac/wrf_chem/WRF_GoAmazon_natcom/run/met_em.d01.2014-03-15_12:00:00.nc
 main: setting boundary condition for co
 main: setting boundary condition for acet
 main: setting boundary condition for alk3
 main: setting boundary condition for alk4
 main: setting boundary condition for alk5
 main: setting boundary condition for aro1
 main: setting boundary condition for aro2
 main: setting boundary condition for c2h2
 main: setting boundary condition for c2h6
 main: setting boundary condition for c3h6
 main: setting boundary condition for c3h8
 main: setting boundary condition for cco_oh
 main: setting boundary condition for cooh
 main: setting boundary condition for ch4
 main: setting boundary condition for ccho
 main: setting boundary condition for cres
 main: setting boundary condition for ethene
 main: setting boundary condition for etoh
 main: setting boundary condition for gly
 main: setting boundary condition for h2o2
 main: setting boundary condition for n2o5
 main: setting boundary condition for hcho
 main: setting boundary condition for hcooh
 main: setting boundary condition for hno3
 main: setting boundary condition for isoprod
 main: setting boundary condition for isoprene
 main: setting boundary condition for mek
 main: setting boundary condition for meoh
 main: setting boundary condition for methacro
 main: setting boundary condition for mvk
 main: setting boundary condition for mgly
 main: setting boundary condition for nh3
 main: setting boundary condition for no
 main: setting boundary condition for no2
 main: setting boundary condition for o3
 main: setting boundary condition for ole1
 main: setting boundary condition for ole2
 main: setting boundary condition for pan
 main: setting boundary condition for so2
 main: setting boundary condition for terp
 main: setting boundary condition for oc_a01
 main: setting boundary condition for oc_a02
 main: setting boundary condition for oc_a03
 main: setting boundary condition for oc_a04
 main: setting boundary condition for bc_a01
 main: setting boundary condition for bc_a02
 main: setting boundary condition for bc_a03
 main: setting boundary condition for bc_a04
 main: setting boundary condition for so4_a01
 main: setting boundary condition for so4_a02
 main: setting boundary condition for so4_a03
 main: setting boundary condition for so4_a04
 main: setting boundary condition for nh4_a01
 main: setting boundary condition for nh4_a02
 main: setting boundary condition for nh4_a03
 main: setting boundary condition for nh4_a04
 main: setting boundary condition for no3_a01
 main: setting boundary condition for no3_a02
 main: setting boundary condition for no3_a03
 main: setting boundary condition for no3_a04
 main: setting boundary condition for na_a01
 main: setting boundary condition for na_a02
 main: setting boundary condition for na_a03
 main: setting boundary condition for na_a04
 main: setting boundary condition for cl_a01
 main: setting boundary condition for cl_a02
 main: setting boundary condition for cl_a03
 main: setting boundary condition for cl_a04
 main: setting boundary condition for oin_a01
 main: setting boundary condition for oin_a02
 main: setting boundary condition for oin_a03
 main: setting boundary condition for oin_a04
 main: setting boundary condition for num_a01
 main: setting boundary condition for num_a02
 main: setting boundary condition for num_a03
 main: setting boundary condition for num_a04
 main; doing time     20140315  :        64800
  
 get_moz_time_ndx; moz_dir,moz_fn = /pierce-scratch/kbilsbac/wrf_chem/WRF_GoAmazon_mpi/run/camchem-20210426200007772056.nc
 get_moz_time_ndx; wrf_date,wrf_datesec,ntime_m =     20140315       64800          33
 get_moz_time_ndx; moz_tndx =           24
 wrf_ps: Opened /pierce-scratch/kbilsbac/wrf_chem/WRF_GoAmazon_natcom/run/met_em.d01.2014-03-15_18:00:00.nc
 main: setting boundary condition for co
 main: setting boundary condition for acet
 main: setting boundary condition for alk3
 main: setting boundary condition for alk4
 main: setting boundary condition for alk5
 main: setting boundary condition for aro1
 main: setting boundary condition for aro2
 main: setting boundary condition for c2h2
 main: setting boundary condition for c2h6
 main: setting boundary condition for c3h6
 main: setting boundary condition for c3h8
 main: setting boundary condition for cco_oh
 main: setting boundary condition for cooh
 main: setting boundary condition for ch4
 main: setting boundary condition for ccho
 main: setting boundary condition for cres
 main: setting boundary condition for ethene
 main: setting boundary condition for etoh
 main: setting boundary condition for gly
 main: setting boundary condition for h2o2
 main: setting boundary condition for n2o5
 main: setting boundary condition for hcho
 main: setting boundary condition for hcooh
 main: setting boundary condition for hno3
 main: setting boundary condition for isoprod
 main: setting boundary condition for isoprene
 main: setting boundary condition for mek
 main: setting boundary condition for meoh
 main: setting boundary condition for methacro
 main: setting boundary condition for mvk
 main: setting boundary condition for mgly
 main: setting boundary condition for nh3
 main: setting boundary condition for no
 main: setting boundary condition for no2
 main: setting boundary condition for o3
 main: setting boundary condition for ole1
 main: setting boundary condition for ole2
 main: setting boundary condition for pan
 main: setting boundary condition for so2
 main: setting boundary condition for terp
 main: setting boundary condition for oc_a01
 main: setting boundary condition for oc_a02
 main: setting boundary condition for oc_a03
 main: setting boundary condition for oc_a04
 main: setting boundary condition for bc_a01
 main: setting boundary condition for bc_a02
 main: setting boundary condition for bc_a03
 main: setting boundary condition for bc_a04
 main: setting boundary condition for so4_a01
 main: setting boundary condition for so4_a02
 main: setting boundary condition for so4_a03
 main: setting boundary condition for so4_a04
 main: setting boundary condition for nh4_a01
 main: setting boundary condition for nh4_a02
 main: setting boundary condition for nh4_a03
 main: setting boundary condition for nh4_a04
 main: setting boundary condition for no3_a01
 main: setting boundary condition for no3_a02
 main: setting boundary condition for no3_a03
 main: setting boundary condition for no3_a04
 main: setting boundary condition for na_a01
 main: setting boundary condition for na_a02
 main: setting boundary condition for na_a03
 main: setting boundary condition for na_a04
 main: setting boundary condition for cl_a01
 main: setting boundary condition for cl_a02
 main: setting boundary condition for cl_a03
 main: setting boundary condition for cl_a04
 main: setting boundary condition for oin_a01
 main: setting boundary condition for oin_a02
 main: setting boundary condition for oin_a03
 main: setting boundary condition for oin_a04
 main: setting boundary condition for num_a01
 main: setting boundary condition for num_a02
 main: setting boundary condition for num_a03
 main: setting boundary condition for num_a04
 main; doing time     20140316  :            0
  
 get_moz_time_ndx; moz_dir,moz_fn = /pierce-scratch/kbilsbac/wrf_chem/WRF_GoAmazon_mpi/run/camchem-20210426200007772056.nc
 get_moz_time_ndx; wrf_date,wrf_datesec,ntime_m =     20140316           0          33
 get_moz_time_ndx; moz_tndx =           25
 wrf_ps: Opened /pierce-scratch/kbilsbac/wrf_chem/WRF_GoAmazon_natcom/run/met_em.d01.2014-03-16_00:00:00.nc
 main: setting boundary condition for co
 main: setting boundary condition for acet
 main: setting boundary condition for alk3
 main: setting boundary condition for alk4
 main: setting boundary condition for alk5
 main: setting boundary condition for aro1
 main: setting boundary condition for aro2
 main: setting boundary condition for c2h2
 main: setting boundary condition for c2h6
 main: setting boundary condition for c3h6
 main: setting boundary condition for c3h8
 main: setting boundary condition for cco_oh
 main: setting boundary condition for cooh
 main: setting boundary condition for ch4
 main: setting boundary condition for ccho
 main: setting boundary condition for cres
 main: setting boundary condition for ethene
 main: setting boundary condition for etoh
 main: setting boundary condition for gly
 main: setting boundary condition for h2o2
 main: setting boundary condition for n2o5
 main: setting boundary condition for hcho
 main: setting boundary condition for hcooh
 main: setting boundary condition for hno3
 main: setting boundary condition for isoprod
 main: setting boundary condition for isoprene
 main: setting boundary condition for mek
 main: setting boundary condition for meoh
 main: setting boundary condition for methacro
 main: setting boundary condition for mvk
 main: setting boundary condition for mgly
 main: setting boundary condition for nh3
 main: setting boundary condition for no
 main: setting boundary condition for no2
 main: setting boundary condition for o3
 main: setting boundary condition for ole1
 main: setting boundary condition for ole2
 main: setting boundary condition for pan
 main: setting boundary condition for so2
 main: setting boundary condition for terp
 main: setting boundary condition for oc_a01
 main: setting boundary condition for oc_a02
 main: setting boundary condition for oc_a03
 main: setting boundary condition for oc_a04
 main: setting boundary condition for bc_a01
 main: setting boundary condition for bc_a02
 main: setting boundary condition for bc_a03
 main: setting boundary condition for bc_a04
 main: setting boundary condition for so4_a01
 main: setting boundary condition for so4_a02
 main: setting boundary condition for so4_a03
 main: setting boundary condition for so4_a04
 main: setting boundary condition for nh4_a01
 main: setting boundary condition for nh4_a02
 main: setting boundary condition for nh4_a03
 main: setting boundary condition for nh4_a04
 main: setting boundary condition for no3_a01
 main: setting boundary condition for no3_a02
 main: setting boundary condition for no3_a03
 main: setting boundary condition for no3_a04
 main: setting boundary condition for na_a01
 main: setting boundary condition for na_a02
 main: setting boundary condition for na_a03
 main: setting boundary condition for na_a04
 main: setting boundary condition for cl_a01
 main: setting boundary condition for cl_a02
 main: setting boundary condition for cl_a03
 main: setting boundary condition for cl_a04
 main: setting boundary condition for oin_a01
 main: setting boundary condition for oin_a02
 main: setting boundary condition for oin_a03
 main: setting boundary condition for oin_a04
 main: setting boundary condition for num_a01
 main: setting boundary condition for num_a02
 main: setting boundary condition for num_a03
 main: setting boundary condition for num_a04
 main; doing time     20140316  :        21600
  
 get_moz_time_ndx; moz_dir,moz_fn = /pierce-scratch/kbilsbac/wrf_chem/WRF_GoAmazon_mpi/run/camchem-20210426200007772056.nc
 get_moz_time_ndx; wrf_date,wrf_datesec,ntime_m =     20140316       21600          33
 get_moz_time_ndx; moz_tndx =           26
 wrf_ps: Opened /pierce-scratch/kbilsbac/wrf_chem/WRF_GoAmazon_natcom/run/met_em.d01.2014-03-16_06:00:00.nc
 main: setting boundary condition for co
 main: setting boundary condition for acet
 main: setting boundary condition for alk3
 main: setting boundary condition for alk4
 main: setting boundary condition for alk5
 main: setting boundary condition for aro1
 main: setting boundary condition for aro2
 main: setting boundary condition for c2h2
 main: setting boundary condition for c2h6
 main: setting boundary condition for c3h6
 main: setting boundary condition for c3h8
 main: setting boundary condition for cco_oh
 main: setting boundary condition for cooh
 main: setting boundary condition for ch4
 main: setting boundary condition for ccho
 main: setting boundary condition for cres
 main: setting boundary condition for ethene
 main: setting boundary condition for etoh
 main: setting boundary condition for gly
 main: setting boundary condition for h2o2
 main: setting boundary condition for n2o5
 main: setting boundary condition for hcho
 main: setting boundary condition for hcooh
 main: setting boundary condition for hno3
 main: setting boundary condition for isoprod
 main: setting boundary condition for isoprene
 main: setting boundary condition for mek
 main: setting boundary condition for meoh
 main: setting boundary condition for methacro
 main: setting boundary condition for mvk
 main: setting boundary condition for mgly
 main: setting boundary condition for nh3
 main: setting boundary condition for no
 main: setting boundary condition for no2
 main: setting boundary condition for o3
 main: setting boundary condition for ole1
 main: setting boundary condition for ole2
 main: setting boundary condition for pan
 main: setting boundary condition for so2
 main: setting boundary condition for terp
 main: setting boundary condition for oc_a01
 main: setting boundary condition for oc_a02
 main: setting boundary condition for oc_a03
 main: setting boundary condition for oc_a04
 main: setting boundary condition for bc_a01
 main: setting boundary condition for bc_a02
 main: setting boundary condition for bc_a03
 main: setting boundary condition for bc_a04
 main: setting boundary condition for so4_a01
 main: setting boundary condition for so4_a02
 main: setting boundary condition for so4_a03
 main: setting boundary condition for so4_a04
 main: setting boundary condition for nh4_a01
 main: setting boundary condition for nh4_a02
 main: setting boundary condition for nh4_a03
 main: setting boundary condition for nh4_a04
 main: setting boundary condition for no3_a01
 main: setting boundary condition for no3_a02
 main: setting boundary condition for no3_a03
 main: setting boundary condition for no3_a04
 main: setting boundary condition for na_a01
 main: setting boundary condition for na_a02
 main: setting boundary condition for na_a03
 main: setting boundary condition for na_a04
 main: setting boundary condition for cl_a01
 main: setting boundary condition for cl_a02
 main: setting boundary condition for cl_a03
 main: setting boundary condition for cl_a04
 main: setting boundary condition for oin_a01
 main: setting boundary condition for oin_a02
 main: setting boundary condition for oin_a03
 main: setting boundary condition for oin_a04
 main: setting boundary condition for num_a01
 main: setting boundary condition for num_a02
 main: setting boundary condition for num_a03
 main: setting boundary condition for num_a04
 main; doing time     20140316  :        43200
  
 get_moz_time_ndx; moz_dir,moz_fn = /pierce-scratch/kbilsbac/wrf_chem/WRF_GoAmazon_mpi/run/camchem-20210426200007772056.nc
 get_moz_time_ndx; wrf_date,wrf_datesec,ntime_m =     20140316       43200          33
 get_moz_time_ndx; moz_tndx =           27
 wrf_ps: Opened /pierce-scratch/kbilsbac/wrf_chem/WRF_GoAmazon_natcom/run/met_em.d01.2014-03-16_12:00:00.nc
 main: setting boundary condition for co
 main: setting boundary condition for acet
 main: setting boundary condition for alk3
 main: setting boundary condition for alk4
 main: setting boundary condition for alk5
 main: setting boundary condition for aro1
 main: setting boundary condition for aro2
 main: setting boundary condition for c2h2
 main: setting boundary condition for c2h6
 main: setting boundary condition for c3h6
 main: setting boundary condition for c3h8
 main: setting boundary condition for cco_oh
 main: setting boundary condition for cooh
 main: setting boundary condition for ch4
 main: setting boundary condition for ccho
 main: setting boundary condition for cres
 main: setting boundary condition for ethene
 main: setting boundary condition for etoh
 main: setting boundary condition for gly
 main: setting boundary condition for h2o2
 main: setting boundary condition for n2o5
 main: setting boundary condition for hcho
 main: setting boundary condition for hcooh
 main: setting boundary condition for hno3
 main: setting boundary condition for isoprod
 main: setting boundary condition for isoprene
 main: setting boundary condition for mek
 main: setting boundary condition for meoh
 main: setting boundary condition for methacro
 main: setting boundary condition for mvk
 main: setting boundary condition for mgly
 main: setting boundary condition for nh3
 main: setting boundary condition for no
 main: setting boundary condition for no2
 main: setting boundary condition for o3
 main: setting boundary condition for ole1
 main: setting boundary condition for ole2
 main: setting boundary condition for pan
 main: setting boundary condition for so2
 main: setting boundary condition for terp
 main: setting boundary condition for oc_a01
 main: setting boundary condition for oc_a02
 main: setting boundary condition for oc_a03
 main: setting boundary condition for oc_a04
 main: setting boundary condition for bc_a01
 main: setting boundary condition for bc_a02
 main: setting boundary condition for bc_a03
 main: setting boundary condition for bc_a04
 main: setting boundary condition for so4_a01
 main: setting boundary condition for so4_a02
 main: setting boundary condition for so4_a03
 main: setting boundary condition for so4_a04
 main: setting boundary condition for nh4_a01
 main: setting boundary condition for nh4_a02
 main: setting boundary condition for nh4_a03
 main: setting boundary condition for nh4_a04
 main: setting boundary condition for no3_a01
 main: setting boundary condition for no3_a02
 main: setting boundary condition for no3_a03
 main: setting boundary condition for no3_a04
 main: setting boundary condition for na_a01
 main: setting boundary condition for na_a02
 main: setting boundary condition for na_a03
 main: setting boundary condition for na_a04
 main: setting boundary condition for cl_a01
 main: setting boundary condition for cl_a02
 main: setting boundary condition for cl_a03
 main: setting boundary condition for cl_a04
 main: setting boundary condition for oin_a01
 main: setting boundary condition for oin_a02
 main: setting boundary condition for oin_a03
 main: setting boundary condition for oin_a04
 main: setting boundary condition for num_a01
 main: setting boundary condition for num_a02
 main: setting boundary condition for num_a03
 main: setting boundary condition for num_a04
 main; doing time     20140316  :        64800
  
 get_moz_time_ndx; moz_dir,moz_fn = /pierce-scratch/kbilsbac/wrf_chem/WRF_GoAmazon_mpi/run/camchem-20210426200007772056.nc
 get_moz_time_ndx; wrf_date,wrf_datesec,ntime_m =     20140316       64800          33
 get_moz_time_ndx; moz_tndx =           28
 wrf_ps: Opened /pierce-scratch/kbilsbac/wrf_chem/WRF_GoAmazon_natcom/run/met_em.d01.2014-03-16_18:00:00.nc
 main: setting boundary condition for co
 main: setting boundary condition for acet
 main: setting boundary condition for alk3
 main: setting boundary condition for alk4
 main: setting boundary condition for alk5
 main: setting boundary condition for aro1
 main: setting boundary condition for aro2
 main: setting boundary condition for c2h2
 main: setting boundary condition for c2h6
 main: setting boundary condition for c3h6
 main: setting boundary condition for c3h8
 main: setting boundary condition for cco_oh
 main: setting boundary condition for cooh
 main: setting boundary condition for ch4
 main: setting boundary condition for ccho
 main: setting boundary condition for cres
 main: setting boundary condition for ethene
 main: setting boundary condition for etoh
 main: setting boundary condition for gly
 main: setting boundary condition for h2o2
 main: setting boundary condition for n2o5
 main: setting boundary condition for hcho
 main: setting boundary condition for hcooh
 main: setting boundary condition for hno3
 main: setting boundary condition for isoprod
 main: setting boundary condition for isoprene
 main: setting boundary condition for mek
 main: setting boundary condition for meoh
 main: setting boundary condition for methacro
 main: setting boundary condition for mvk
 main: setting boundary condition for mgly
 main: setting boundary condition for nh3
 main: setting boundary condition for no
 main: setting boundary condition for no2
 main: setting boundary condition for o3
 main: setting boundary condition for ole1
 main: setting boundary condition for ole2
 main: setting boundary condition for pan
 main: setting boundary condition for so2
 main: setting boundary condition for terp
 main: setting boundary condition for oc_a01
 main: setting boundary condition for oc_a02
 main: setting boundary condition for oc_a03
 main: setting boundary condition for oc_a04
 main: setting boundary condition for bc_a01
 main: setting boundary condition for bc_a02
 main: setting boundary condition for bc_a03
 main: setting boundary condition for bc_a04
 main: setting boundary condition for so4_a01
 main: setting boundary condition for so4_a02
 main: setting boundary condition for so4_a03
 main: setting boundary condition for so4_a04
 main: setting boundary condition for nh4_a01
 main: setting boundary condition for nh4_a02
 main: setting boundary condition for nh4_a03
 main: setting boundary condition for nh4_a04
 main: setting boundary condition for no3_a01
 main: setting boundary condition for no3_a02
 main: setting boundary condition for no3_a03
 main: setting boundary condition for no3_a04
 main: setting boundary condition for na_a01
 main: setting boundary condition for na_a02
 main: setting boundary condition for na_a03
 main: setting boundary condition for na_a04
 main: setting boundary condition for cl_a01
 main: setting boundary condition for cl_a02
 main: setting boundary condition for cl_a03
 main: setting boundary condition for cl_a04
 main: setting boundary condition for oin_a01
 main: setting boundary condition for oin_a02
 main: setting boundary condition for oin_a03
 main: setting boundary condition for oin_a04
 main: setting boundary condition for num_a01
 main: setting boundary condition for num_a02
 main: setting boundary condition for num_a03
 main: setting boundary condition for num_a04
 main; doing time     20140317  :            0
  
 get_moz_time_ndx; moz_dir,moz_fn = /pierce-scratch/kbilsbac/wrf_chem/WRF_GoAmazon_mpi/run/camchem-20210426200007772056.nc
 get_moz_time_ndx; wrf_date,wrf_datesec,ntime_m =     20140317           0          33
 get_moz_time_ndx; moz_tndx =           29
 wrf_ps: Opened /pierce-scratch/kbilsbac/wrf_chem/WRF_GoAmazon_natcom/run/met_em.d01.2014-03-17_00:00:00.nc
 main: setting boundary condition for co
 main: setting boundary condition for acet
 main: setting boundary condition for alk3
 main: setting boundary condition for alk4
 main: setting boundary condition for alk5
 main: setting boundary condition for aro1
 main: setting boundary condition for aro2
 main: setting boundary condition for c2h2
 main: setting boundary condition for c2h6
 main: setting boundary condition for c3h6
 main: setting boundary condition for c3h8
 main: setting boundary condition for cco_oh
 main: setting boundary condition for cooh
 main: setting boundary condition for ch4
 main: setting boundary condition for ccho
 main: setting boundary condition for cres
 main: setting boundary condition for ethene
 main: setting boundary condition for etoh
 main: setting boundary condition for gly
 main: setting boundary condition for h2o2
 main: setting boundary condition for n2o5
 main: setting boundary condition for hcho
 main: setting boundary condition for hcooh
 main: setting boundary condition for hno3
 main: setting boundary condition for isoprod
 main: setting boundary condition for isoprene
 main: setting boundary condition for mek
 main: setting boundary condition for meoh
 main: setting boundary condition for methacro
 main: setting boundary condition for mvk
 main: setting boundary condition for mgly
 main: setting boundary condition for nh3
 main: setting boundary condition for no
 main: setting boundary condition for no2
 main: setting boundary condition for o3
 main: setting boundary condition for ole1
 main: setting boundary condition for ole2
 main: setting boundary condition for pan
 main: setting boundary condition for so2
 main: setting boundary condition for terp
 main: setting boundary condition for oc_a01
 main: setting boundary condition for oc_a02
 main: setting boundary condition for oc_a03
 main: setting boundary condition for oc_a04
 main: setting boundary condition for bc_a01
 main: setting boundary condition for bc_a02
 main: setting boundary condition for bc_a03
 main: setting boundary condition for bc_a04
 main: setting boundary condition for so4_a01
 main: setting boundary condition for so4_a02
 main: setting boundary condition for so4_a03
 main: setting boundary condition for so4_a04
 main: setting boundary condition for nh4_a01
 main: setting boundary condition for nh4_a02
 main: setting boundary condition for nh4_a03
 main: setting boundary condition for nh4_a04
 main: setting boundary condition for no3_a01
 main: setting boundary condition for no3_a02
 main: setting boundary condition for no3_a03
 main: setting boundary condition for no3_a04
 main: setting boundary condition for na_a01
 main: setting boundary condition for na_a02
 main: setting boundary condition for na_a03
 main: setting boundary condition for na_a04
 main: setting boundary condition for cl_a01
 main: setting boundary condition for cl_a02
 main: setting boundary condition for cl_a03
 main: setting boundary condition for cl_a04
 main: setting boundary condition for oin_a01
 main: setting boundary condition for oin_a02
 main: setting boundary condition for oin_a03
 main: setting boundary condition for oin_a04
 main: setting boundary condition for num_a01
 main: setting boundary condition for num_a02
 main: setting boundary condition for num_a03
 main: setting boundary condition for num_a04
 main; doing time     20140317  :        21600
  
 get_moz_time_ndx; moz_dir,moz_fn = /pierce-scratch/kbilsbac/wrf_chem/WRF_GoAmazon_mpi/run/camchem-20210426200007772056.nc
 get_moz_time_ndx; wrf_date,wrf_datesec,ntime_m =     20140317       21600          33
 get_moz_time_ndx; moz_tndx =           30
 wrf_ps: Opened /pierce-scratch/kbilsbac/wrf_chem/WRF_GoAmazon_natcom/run/met_em.d01.2014-03-17_06:00:00.nc
 main: setting boundary condition for co
 main: setting boundary condition for acet
 main: setting boundary condition for alk3
 main: setting boundary condition for alk4
 main: setting boundary condition for alk5
 main: setting boundary condition for aro1
 main: setting boundary condition for aro2
 main: setting boundary condition for c2h2
 main: setting boundary condition for c2h6
 main: setting boundary condition for c3h6
 main: setting boundary condition for c3h8
 main: setting boundary condition for cco_oh
 main: setting boundary condition for cooh
 main: setting boundary condition for ch4
 main: setting boundary condition for ccho
 main: setting boundary condition for cres
 main: setting boundary condition for ethene
 main: setting boundary condition for etoh
 main: setting boundary condition for gly
 main: setting boundary condition for h2o2
 main: setting boundary condition for n2o5
 main: setting boundary condition for hcho
 main: setting boundary condition for hcooh
 main: setting boundary condition for hno3
 main: setting boundary condition for isoprod
 main: setting boundary condition for isoprene
 main: setting boundary condition for mek
 main: setting boundary condition for meoh
 main: setting boundary condition for methacro
 main: setting boundary condition for mvk
 main: setting boundary condition for mgly
 main: setting boundary condition for nh3
 main: setting boundary condition for no
 main: setting boundary condition for no2
 main: setting boundary condition for o3
 main: setting boundary condition for ole1
 main: setting boundary condition for ole2
 main: setting boundary condition for pan
 main: setting boundary condition for so2
 main: setting boundary condition for terp
 main: setting boundary condition for oc_a01
 main: setting boundary condition for oc_a02
 main: setting boundary condition for oc_a03
 main: setting boundary condition for oc_a04
 main: setting boundary condition for bc_a01
 main: setting boundary condition for bc_a02
 main: setting boundary condition for bc_a03
 main: setting boundary condition for bc_a04
 main: setting boundary condition for so4_a01
 main: setting boundary condition for so4_a02
 main: setting boundary condition for so4_a03
 main: setting boundary condition for so4_a04
 main: setting boundary condition for nh4_a01
 main: setting boundary condition for nh4_a02
 main: setting boundary condition for nh4_a03
 main: setting boundary condition for nh4_a04
 main: setting boundary condition for no3_a01
 main: setting boundary condition for no3_a02
 main: setting boundary condition for no3_a03
 main: setting boundary condition for no3_a04
 main: setting boundary condition for na_a01
 main: setting boundary condition for na_a02
 main: setting boundary condition for na_a03
 main: setting boundary condition for na_a04
 main: setting boundary condition for cl_a01
 main: setting boundary condition for cl_a02
 main: setting boundary condition for cl_a03
 main: setting boundary condition for cl_a04
 main: setting boundary condition for oin_a01
 main: setting boundary condition for oin_a02
 main: setting boundary condition for oin_a03
 main: setting boundary condition for oin_a04
 main: setting boundary condition for num_a01
 main: setting boundary condition for num_a02
 main: setting boundary condition for num_a03
 main: setting boundary condition for num_a04
 main; doing time     20140317  :        43200
  
 get_moz_time_ndx; moz_dir,moz_fn = /pierce-scratch/kbilsbac/wrf_chem/WRF_GoAmazon_mpi/run/camchem-20210426200007772056.nc
 get_moz_time_ndx; wrf_date,wrf_datesec,ntime_m =     20140317       43200          33
 get_moz_time_ndx; moz_tndx =           31
 wrf_ps: Opened /pierce-scratch/kbilsbac/wrf_chem/WRF_GoAmazon_natcom/run/met_em.d01.2014-03-17_12:00:00.nc
 main: setting boundary condition for co
 main: setting boundary condition for acet
 main: setting boundary condition for alk3
 main: setting boundary condition for alk4
 main: setting boundary condition for alk5
 main: setting boundary condition for aro1
 main: setting boundary condition for aro2
 main: setting boundary condition for c2h2
 main: setting boundary condition for c2h6
 main: setting boundary condition for c3h6
 main: setting boundary condition for c3h8
 main: setting boundary condition for cco_oh
 main: setting boundary condition for cooh
 main: setting boundary condition for ch4
 main: setting boundary condition for ccho
 main: setting boundary condition for cres
 main: setting boundary condition for ethene
 main: setting boundary condition for etoh
 main: setting boundary condition for gly
 main: setting boundary condition for h2o2
 main: setting boundary condition for n2o5
 main: setting boundary condition for hcho
 main: setting boundary condition for hcooh
 main: setting boundary condition for hno3
 main: setting boundary condition for isoprod
 main: setting boundary condition for isoprene
 main: setting boundary condition for mek
 main: setting boundary condition for meoh
 main: setting boundary condition for methacro
 main: setting boundary condition for mvk
 main: setting boundary condition for mgly
 main: setting boundary condition for nh3
 main: setting boundary condition for no
 main: setting boundary condition for no2
 main: setting boundary condition for o3
 main: setting boundary condition for ole1
 main: setting boundary condition for ole2
 main: setting boundary condition for pan
 main: setting boundary condition for so2
 main: setting boundary condition for terp
 main: setting boundary condition for oc_a01
 main: setting boundary condition for oc_a02
 main: setting boundary condition for oc_a03
 main: setting boundary condition for oc_a04
 main: setting boundary condition for bc_a01
 main: setting boundary condition for bc_a02
 main: setting boundary condition for bc_a03
 main: setting boundary condition for bc_a04
 main: setting boundary condition for so4_a01
 main: setting boundary condition for so4_a02
 main: setting boundary condition for so4_a03
 main: setting boundary condition for so4_a04
 main: setting boundary condition for nh4_a01
 main: setting boundary condition for nh4_a02
 main: setting boundary condition for nh4_a03
 main: setting boundary condition for nh4_a04
 main: setting boundary condition for no3_a01
 main: setting boundary condition for no3_a02
 main: setting boundary condition for no3_a03
 main: setting boundary condition for no3_a04
 main: setting boundary condition for na_a01
 main: setting boundary condition for na_a02
 main: setting boundary condition for na_a03
 main: setting boundary condition for na_a04
 main: setting boundary condition for cl_a01
 main: setting boundary condition for cl_a02
 main: setting boundary condition for cl_a03
 main: setting boundary condition for cl_a04
 main: setting boundary condition for oin_a01
 main: setting boundary condition for oin_a02
 main: setting boundary condition for oin_a03
 main: setting boundary condition for oin_a04
 main: setting boundary condition for num_a01
 main: setting boundary condition for num_a02
 main: setting boundary condition for num_a03
 main: setting boundary condition for num_a04
 main; doing time     20140317  :        64800
  
 get_moz_time_ndx; moz_dir,moz_fn = /pierce-scratch/kbilsbac/wrf_chem/WRF_GoAmazon_mpi/run/camchem-20210426200007772056.nc
 get_moz_time_ndx; wrf_date,wrf_datesec,ntime_m =     20140317       64800          33
 get_moz_time_ndx; moz_tndx =           32
 wrf_ps: Opened /pierce-scratch/kbilsbac/wrf_chem/WRF_GoAmazon_natcom/run/met_em.d01.2014-03-17_18:00:00.nc
 main: setting boundary condition for co
 main: setting boundary condition for acet
 main: setting boundary condition for alk3
 main: setting boundary condition for alk4
 main: setting boundary condition for alk5
 main: setting boundary condition for aro1
 main: setting boundary condition for aro2
 main: setting boundary condition for c2h2
 main: setting boundary condition for c2h6
 main: setting boundary condition for c3h6
 main: setting boundary condition for c3h8
 main: setting boundary condition for cco_oh
 main: setting boundary condition for cooh
 main: setting boundary condition for ch4
 main: setting boundary condition for ccho
 main: setting boundary condition for cres
 main: setting boundary condition for ethene
 main: setting boundary condition for etoh
 main: setting boundary condition for gly
 main: setting boundary condition for h2o2
 main: setting boundary condition for n2o5
 main: setting boundary condition for hcho
 main: setting boundary condition for hcooh
 main: setting boundary condition for hno3
 main: setting boundary condition for isoprod
 main: setting boundary condition for isoprene
 main: setting boundary condition for mek
 main: setting boundary condition for meoh
 main: setting boundary condition for methacro
 main: setting boundary condition for mvk
 main: setting boundary condition for mgly
 main: setting boundary condition for nh3
 main: setting boundary condition for no
 main: setting boundary condition for no2
 main: setting boundary condition for o3
 main: setting boundary condition for ole1
 main: setting boundary condition for ole2
 main: setting boundary condition for pan
 main: setting boundary condition for so2
 main: setting boundary condition for terp
 main: setting boundary condition for oc_a01
 main: setting boundary condition for oc_a02
 main: setting boundary condition for oc_a03
 main: setting boundary condition for oc_a04
 main: setting boundary condition for bc_a01
 main: setting boundary condition for bc_a02
 main: setting boundary condition for bc_a03
 main: setting boundary condition for bc_a04
 main: setting boundary condition for so4_a01
 main: setting boundary condition for so4_a02
 main: setting boundary condition for so4_a03
 main: setting boundary condition for so4_a04
 main: setting boundary condition for nh4_a01
 main: setting boundary condition for nh4_a02
 main: setting boundary condition for nh4_a03
 main: setting boundary condition for nh4_a04
 main: setting boundary condition for no3_a01
 main: setting boundary condition for no3_a02
 main: setting boundary condition for no3_a03
 main: setting boundary condition for no3_a04
 main: setting boundary condition for na_a01
 main: setting boundary condition for na_a02
 main: setting boundary condition for na_a03
 main: setting boundary condition for na_a04
 main: setting boundary condition for cl_a01
 main: setting boundary condition for cl_a02
 main: setting boundary condition for cl_a03
 main: setting boundary condition for cl_a04
 main: setting boundary condition for oin_a01
 main: setting boundary condition for oin_a02
 main: setting boundary condition for oin_a03
 main: setting boundary condition for oin_a04
 main: setting boundary condition for num_a01
 main: setting boundary condition for num_a02
 main: setting boundary condition for num_a03
 main: setting boundary condition for num_a04
 main; doing time     20140318  :            0
  
 get_moz_time_ndx; moz_dir,moz_fn = /pierce-scratch/kbilsbac/wrf_chem/WRF_GoAmazon_mpi/run/camchem-20210426200007772056.nc
 get_moz_time_ndx; wrf_date,wrf_datesec,ntime_m =     20140318           0          33
 get_moz_time_ndx; moz_tndx =           33
 wrf_ps: Opened /pierce-scratch/kbilsbac/wrf_chem/WRF_GoAmazon_natcom/run/met_em.d01.2014-03-18_00:00:00.nc
 main: setting boundary condition for co
 main: setting boundary condition for acet
 main: setting boundary condition for alk3
 main: setting boundary condition for alk4
 main: setting boundary condition for alk5
 main: setting boundary condition for aro1
 main: setting boundary condition for aro2
 main: setting boundary condition for c2h2
 main: setting boundary condition for c2h6
 main: setting boundary condition for c3h6
 main: setting boundary condition for c3h8
 main: setting boundary condition for cco_oh
 main: setting boundary condition for cooh
 main: setting boundary condition for ch4
 main: setting boundary condition for ccho
 main: setting boundary condition for cres
 main: setting boundary condition for ethene
 main: setting boundary condition for etoh
 main: setting boundary condition for gly
 main: setting boundary condition for h2o2
 main: setting boundary condition for n2o5
 main: setting boundary condition for hcho
 main: setting boundary condition for hcooh
 main: setting boundary condition for hno3
 main: setting boundary condition for isoprod
 main: setting boundary condition for isoprene
 main: setting boundary condition for mek
 main: setting boundary condition for meoh
 main: setting boundary condition for methacro
 main: setting boundary condition for mvk
 main: setting boundary condition for mgly
 main: setting boundary condition for nh3
 main: setting boundary condition for no
 main: setting boundary condition for no2
 main: setting boundary condition for o3
 main: setting boundary condition for ole1
 main: setting boundary condition for ole2
 main: setting boundary condition for pan
 main: setting boundary condition for so2
 main: setting boundary condition for terp
 main: setting boundary condition for oc_a01
 main: setting boundary condition for oc_a02
 main: setting boundary condition for oc_a03
 main: setting boundary condition for oc_a04
 main: setting boundary condition for bc_a01
 main: setting boundary condition for bc_a02
 main: setting boundary condition for bc_a03
 main: setting boundary condition for bc_a04
 main: setting boundary condition for so4_a01
 main: setting boundary condition for so4_a02
 main: setting boundary condition for so4_a03
 main: setting boundary condition for so4_a04
 main: setting boundary condition for nh4_a01
 main: setting boundary condition for nh4_a02
 main: setting boundary condition for nh4_a03
 main: setting boundary condition for nh4_a04
 main: setting boundary condition for no3_a01
 main: setting boundary condition for no3_a02
 main: setting boundary condition for no3_a03
 main: setting boundary condition for no3_a04
 main: setting boundary condition for na_a01
 main: setting boundary condition for na_a02
 main: setting boundary condition for na_a03
 main: setting boundary condition for na_a04
 main: setting boundary condition for cl_a01
 main: setting boundary condition for cl_a02
 main: setting boundary condition for cl_a03
 main: setting boundary condition for cl_a04
 main: setting boundary condition for oin_a01
 main: setting boundary condition for oin_a02
 main: setting boundary condition for oin_a03
 main: setting boundary condition for oin_a04
 main: setting boundary condition for num_a01
 main: setting boundary condition for num_a02
 main: setting boundary condition for num_a03
 main: setting boundary condition for num_a04
 successfully exited from module_wrfchem_lib ...
 successfully exited from module_mozart_lib ...
 bc_wrfchem completed successfully
